student_id,student_name,fathers_name,attendance_rate,weekly_study_hours,previous_semester_score,sleep_hours_per_night,extracurricular_activities,parental_education_level,internet_access_at_home,distance_from_school,part_time_job,learning_disability,final_score,passed
1,Sofia Harris,Henry Harris,89.92966361913756,32,89.80905897987509,4.0,0,1,1,0,0,0,72.31,1
2,Mia Hill,Amelia Hill,,4,96.89509226740475,5.0,1,0,0,0,0,0,64.51,1
3,Ava Gupta,Mason Gupta,92.84369680375471,33,58.276141346451425,9.0,0,0,1,1,1,0,71.98,1
4,Sofia Thomas,Isha Thomas,55.88219940796626,39,55.87094823933029,,0,1,1,0,1,0,49.09,0
5,Mason Rodriguez,Benjamin Rodriguez,86.98651660427703,10,56.79355913478561,8.0,1,2,1,2,0,0,76.27,1
6,Arjun Martin,Sebastian Martin,65.98334162202724,2,56.66314524105063,10.0,0,0,1,2,1,0,34.57,0
7,Daniel Scott,Ava Scott,99.42079947060382,32,42.15581093115838,7.0,0,1,1,2,1,0,86.12,1
8,Evelyn Johnson,Lucas Johnson,74.26794915799435,10,95.61498077986649,9.0,1,1,1,2,0,0,68.98,1
9,Harper Smith,Aarav Smith,56.12169491794705,15,52.821888494219706,7.0,0,2,1,2,1,0,51.95,0
10,Evelyn Flores,Ava Flores,86.25927740136953,17,65.2002444448843,10.0,1,0,1,0,0,0,65.08,1
11,Ethan King,Emily King,66.1505599193107,29,40.58121296445806,4.0,1,1,1,0,0,0,41.93,0
12,Liam Gupta,Jacob Gupta,99.85390785408308,9,91.47730545490343,9.0,0,2,1,2,1,0,75.4,1
13,Mila Martinez,Henry Martinez,98.9891228927261,17,83.86944066729504,6.0,0,1,1,2,1,0,73.84,1
14,Harper Flores,Olivia Flores,82.80670090102903,37,96.8053621104222,5.0,0,0,1,0,0,0,80.48,1
15,Riya Thompson,Harper Thompson,56.49132244758588,18,86.89692875178395,5.0,1,2,1,1,0,0,44.58,0
16,Sebastian White,Michael White,84.34304988375146,35,58.82239072312392,9.0,1,1,1,0,0,0,65.97,1
17,Benjamin Lopez,Aarav Lopez,54.65152432300136,12,54.87240152370542,10.0,1,2,1,0,1,0,33.05,0
18,Riaan Johnson,Logan Johnson,51.46820795511962,2,81.86297845319757,4.0,0,0,1,0,0,0,29.49,0
19,Avery Jones,Aria Jones,91.1479223110743,9,61.84676650062997,5.0,0,2,1,0,1,0,49.69,0
20,Lucas Miller,Sophia Miller,,37,73.972900945157,4.0,1,0,1,0,1,0,50.85,0
21,Sofia Anderson,Ethan Anderson,68.95135631095488,0,40.37544826158821,8.0,0,1,1,1,0,0,51.7,0
22,Aditya Lee,Charlotte Lee,98.67286949880867,26,43.71314210082851,7.0,0,0,1,2,0,0,85.16,1
23,Oliver Miller,Ananya Miller,66.84202509305516,7,72.12207647089907,10.0,1,1,0,2,0,0,52.23,0
24,Logan Smith,Logan Smith,64.82448906416576,16,73.96429878688991,6.0,1,1,1,1,0,0,56.22,0
25,Amelia White,Ava White,95.91039998113877,8,85.08717666756061,7.0,0,0,1,2,0,0,92.08,1
26,Diya Flores,Jackson Flores,55.5374222659479,5,47.9179191774377,7.0,1,1,1,2,0,0,53.02,0
27,Ava Walker,James Walker,87.97912050573159,24,70.79098502540673,8.0,0,2,1,2,0,0,85.66,1
28,Oliver Wilson,Abigail Wilson,99.4032783326387,38,51.666858665901316,5.0,1,1,1,1,0,0,75.81,1
29,Daniel Scott,Ava Scott,95.06480053873244,27,45.59176717376168,6.0,1,0,0,1,0,1,64.51,1
30,Aditya Smith,Riya Smith,82.5833959353213,32,64.62974764363328,5.0,1,2,1,2,0,0,59.65,0
31,Noah Nguyen,Aditi Nguyen,65.7030397496366,36,49.800198885343434,9.0,0,2,1,2,0,0,58.63,0
32,Aditya Harris,Aditya Harris,62.71609905891584,8,53.30691869153912,7.0,0,1,1,2,0,0,52.38,0
33,Charlotte Perez,Mila Perez,90.96275524357306,17,59.0532747921701,9.0,1,1,1,0,0,1,62.61,1
34,Riaan Robinson,Aarav Robinson,,20,55.563304044591774,4.0,1,0,0,0,0,0,62.75,1
35,Sophia Young,Elijah Young,76.27174562728464,1,45.25547784435678,7.0,1,2,1,0,0,0,63.38,1
36,Oliver Clark,Elizabeth Clark,62.2169970393233,37,45.394974691582135,5.0,0,0,1,1,1,0,42.4,0
37,Mia Garcia,Benjamin Garcia,55.64716042055868,39,51.59496491405009,7.0,1,1,1,2,0,0,68.96,1
38,Oliver Jackson,Oliver Jackson,54.35897339159156,35,43.033551277572336,4.0,1,2,0,1,0,0,40.86,0
39,Jackson Gupta,Olivia Gupta,85.95387236769278,36,77.58742118061562,8.0,1,0,1,1,1,0,84.08,1
40,Benjamin Green,Camila Green,71.00593639238625,14,57.23960299053412,9.0,1,0,0,1,0,0,58.45,0
41,Charlotte Martin,Logan Martin,95.26799371389352,27,56.78475806614426,9.0,0,0,1,2,0,0,69.98,1
42,Logan Lee,Alexander Lee,86.98356503633818,17,59.91989765426591,5.0,0,0,1,0,1,0,44.21,0
43,Isha Torres,Liam Torres,59.56302089572934,33,79.76777645258329,,1,0,1,2,1,0,63.4,1
44,Emily Lopez,Noah Lopez,80.68887094078495,21,92.23803288900943,5.0,0,2,1,2,1,0,63.0,1
45,Isha Sharma,William Sharma,71.77527271990797,10,85.5452159533383,8.0,0,0,1,1,1,0,67.08,1
46,Riya Jones,Mila Jones,78.86248653843066,12,83.6517538135057,7.0,0,2,1,1,0,0,77.92,1
47,William Martin,Camila Martin,86.90345616692585,3,69.06347113605096,7.0,1,0,1,1,0,0,79.07,1
48,Aarav Flores,Riya Flores,90.30979405018954,21,81.6283334180447,5.0,0,1,1,0,0,0,62.52,1
49,Ava Martin,Isabella Martin,92.18686632033621,6,73.16574208201499,5.0,0,1,1,0,0,0,63.08,1
50,Arjun Wilson,William Wilson,62.69874372860124,23,52.97503169119173,4.0,0,0,0,0,0,0,41.43,0
51,Ava Walker,Isabella Walker,51.55577999586789,3,52.51530206446304,10.0,1,1,1,2,1,0,28.99,0
52,Ella Lewis,Elizabeth Lewis,86.96473675823866,27,57.78352041251701,10.0,1,2,1,1,0,0,71.34,1
53,Olivia Nguyen,Camila Nguyen,55.31718631278873,14,94.6481602581888,8.0,0,0,1,2,0,0,67.54,1
54,Sofia Torres,Arjun Torres,65.74597943064839,0,72.84489042278355,10.0,0,2,1,0,1,0,43.46,0
55,Alexander Jones,Aditya Jones,50.19085670621736,2,84.03432262011216,4.0,1,0,1,1,1,0,31.77,0
56,William Garcia,Michael Garcia,84.08347412008101,13,60.79352558899286,9.0,1,1,1,0,0,0,63.53,1
57,James Robinson,Henry Robinson,58.35660057356106,37,64.46294623991352,7.0,0,2,1,1,1,0,65.06,1
58,Mila Jackson,Aditi Jackson,82.76412048458292,0,47.53393471823508,5.0,0,1,1,1,1,0,35.25,0
59,Evelyn Allen,Aditya Allen,99.58713085839194,37,50.27769746930022,7.0,1,1,1,2,0,0,92.29,1
60,Ella Flores,Henry Flores,53.63354358050081,37,89.64139328956873,7.0,1,0,0,2,0,0,70.15,1
61,Jackson Moore,Elijah Moore,53.85390059757304,20,75.09031790133292,6.0,0,2,1,0,0,0,48.54,0
62,Abigail Walker,Noah Walker,67.01900463333374,28,60.25194795302913,9.0,1,1,1,2,0,0,58.82,0
63,Aarav Walker,Michael Walker,93.31932571256709,4,88.17107253973276,6.0,0,0,1,2,0,0,74.62,1
64,Avery Hernandez,Charlotte Hernandez,60.77649343956659,9,54.79119433827898,10.0,0,0,1,2,1,0,48.97,0
65,Emma Sharma,Isabella Sharma,68.01889099651737,27,98.56196191601222,7.0,0,0,1,1,1,0,76.24,1
66,Olivia Perez,Camila Perez,53.425270331348976,20,60.68905646477019,5.0,1,1,0,2,1,0,26.16,0
67,Oliver Wright,Mason Wright,88.15776456294446,6,60.238657249073654,7.0,0,0,0,0,1,0,63.81,1
68,Abigail Miller,Elijah Miller,70.41531713797255,2,58.71471433220231,9.0,0,2,1,1,1,0,46.5,0
69,Mia Lopez,Isha Lopez,87.96243665304215,19,47.32669095545727,6.0,1,2,1,1,0,0,60.59,1
70,Logan Nguyen,Arjun Nguyen,95.18039221733974,18,46.668228839920744,5.0,1,1,1,2,0,0,52.89,0
71,Isabella Ramirez,Aarav Ramirez,61.638157355064436,34,78.8863020720474,7.0,0,2,1,1,1,0,73.26,1
72,Sofia Ramirez,Evelyn Ramirez,90.36980151699757,3,92.50708267348281,8.0,0,0,1,0,0,0,83.33,1
73,Aditya Sanchez,Diya Sanchez,52.95469450391266,4,87.43123061630041,9.0,1,1,1,0,0,0,42.11,0
74,Avery Jackson,Riya Jackson,94.94236940901237,0,48.466455641281065,9.0,1,0,1,1,0,0,55.93,0
75,Sofia Green,Lucas Green,82.53842737793737,3,72.73492730752399,8.0,1,1,1,2,1,1,70.82,1
76,Mia Hill,Mia Hill,,11,46.3354927585984,7.0,0,1,1,2,0,0,77.04,1
77,Emily Young,Aarav Young,50.0094199778291,26,42.717678616784646,9.0,0,0,1,1,1,1,34.03,0
78,Isabella Ramirez,James Ramirez,58.45405351779962,22,79.38315156308603,5.0,0,2,1,0,0,0,39.93,0
79,Diya Moore,Diya Moore,69.4879693713246,24,72.10914002082102,7.0,1,2,1,1,0,0,74.4,1
80,Alexander Smith,Mia Smith,68.97514516873593,20,44.92142111268825,7.0,0,1,1,2,0,0,61.68,1
81,Sebastian Green,Lucas Green,61.33651914617553,23,42.096354784359306,6.0,1,0,1,2,1,0,44.66,0
82,Noah White,Elijah White,69.08059699336,24,99.38538480456008,9.0,0,0,1,1,0,1,73.8,1
83,Alexander Flores,Emily Flores,56.44243560001274,31,41.80127992894431,9.0,1,1,1,0,1,0,41.08,0
84,Riaan Taylor,Riya Taylor,70.6380564633013,31,66.67169518300958,8.0,0,2,1,1,0,0,74.16,1
85,Ethan Rodriguez,Mila Rodriguez,90.11771645796321,4,70.27714147646174,6.0,0,0,1,0,0,1,61.56,1
86,Alexander Lee,Jacob Lee,73.95350315516757,35,47.036808868026704,10.0,1,2,1,0,0,0,60.53,1
87,Sofia Lewis,Ella Lewis,50.90000444726075,38,50.14370670638297,6.0,1,2,1,1,0,0,54.84,0
88,Aarav Thompson,Riaan Thompson,71.07220207896236,15,61.108300384621145,9.0,0,1,1,1,0,0,57.05,0
89,Isabella Torres,Henry Torres,51.35875080454221,32,85.70055257281976,7.0,1,1,1,0,0,0,64.27,1
90,Emma Wright,Logan Wright,98.3121705353399,20,70.424945443616,6.0,1,2,1,0,1,0,76.02,1
91,Noah Garcia,Arjun Garcia,,8,78.2741124731777,8.0,0,0,1,0,0,0,57.91,0
92,Abigail Miller,Ella Miller,85.38441631653095,5,99.11047330544048,6.0,1,0,0,0,0,0,74.55,1
93,Avery Lewis,Ava Lewis,98.63881614460429,34,86.08032611879258,8.0,0,1,1,2,1,0,90.95,1
94,Sebastian Flores,Aditi Flores,,38,66.06168988847307,,0,2,1,1,0,0,77.9,1
95,Evelyn Lopez,Oliver Lopez,84.96576875631018,21,66.78651530779293,6.0,1,0,1,0,0,1,70.52,1
96,Jacob Ramirez,Sophia Ramirez,91.97304547503835,4,77.1263246224603,8.0,1,0,1,1,0,0,73.94,1
97,Evelyn Torres,Liam Torres,99.08993466303139,22,79.92191250513426,6.0,0,1,1,0,0,0,81.33,1
98,James Wright,Aditi Wright,81.06722486267648,16,70.04265555020028,10.0,0,2,1,1,0,0,60.81,1
99,Liam Johnson,William Johnson,77.95924034146633,11,78.69167336889879,6.0,0,0,1,1,1,0,57.32,0
100,Avery Wilson,Emma Wilson,81.41190552316407,22,41.41194966484593,5.0,0,1,1,0,0,0,50.14,0
101,Liam Smith,Lucas Smith,,15,65.77737183381065,8.0,0,0,1,0,0,0,71.27,1
102,Alexander Jackson,Logan Jackson,,2,56.73628456440861,10.0,0,0,1,1,0,0,53.61,0
103,Avery Ramirez,Ava Ramirez,72.49211039862796,29,47.75046671458662,8.0,1,0,1,1,1,0,66.65,1
104,Mila Sharma,Liam Sharma,60.922159144165356,21,45.97279076852651,8.0,1,1,1,1,0,0,59.44,0
105,Elijah Smith,Noah Smith,56.01236132558378,8,76.19152993688004,4.0,1,2,1,2,1,0,33.11,0
106,Riaan Perez,Alexander Perez,53.41704677661302,28,71.4160328291567,10.0,0,1,1,0,1,0,47.97,0
107,Jacob Brown,Emily Brown,63.16578918766,36,55.21504701978215,6.0,1,2,1,2,1,0,59.74,0
108,Jacob Patel,Logan Patel,52.30617821678669,22,68.25700352635087,8.0,0,0,1,2,1,0,57.41,0
109,Arjun Wilson,Riya Wilson,,12,69.5339389109445,9.0,0,2,1,0,0,0,57.73,0
110,Henry Martin,James Martin,64.19142235117602,31,51.70053882631695,4.0,1,0,1,0,1,1,45.12,0
111,Olivia Robinson,Olivia Robinson,91.2267404043516,22,79.12558371289904,5.0,0,0,0,2,0,0,70.98,1
112,Noah Moore,Michael Moore,53.71204364941932,16,86.85516138316542,8.0,0,1,1,0,1,0,58.96,0
113,Arjun Gonzalez,Avery Gonzalez,61.317574717074294,39,87.48781245337113,8.0,0,0,0,1,0,0,80.48,1
114,Mila Miller,Mia Miller,86.5123073545073,20,76.1481898422073,4.0,0,1,1,1,1,0,49.52,0
115,Noah Gonzalez,Riaan Gonzalez,79.94041481917458,1,70.69831495114084,6.0,0,2,1,2,0,0,54.3,0
116,Emily Johnson,Daniel Johnson,53.22456356245838,36,43.660428580323696,,0,2,1,2,0,0,54.41,0
117,Amelia Young,Mia Young,93.86197285811002,5,57.26987793109635,5.0,1,0,1,0,1,0,45.87,0
118,Elijah Perez,Aria Perez,93.86308814130898,17,45.596286806690195,8.0,0,1,1,0,0,0,75.86,1
119,Emma Thomas,Mason Thomas,66.52040019378869,29,97.82938965270841,6.0,0,0,1,2,0,0,68.33,1
120,Amelia Ramirez,Noah Ramirez,67.02029216747823,21,48.10480877354564,10.0,0,1,1,2,0,0,54.07,0
121,Diya Torres,Aditi Torres,99.45141791750869,32,49.10652459106612,9.0,0,1,1,1,1,0,74.98,1
122,Mila Scott,Riaan Scott,81.30880857965691,29,93.37459709982953,10.0,1,1,1,1,0,0,80.98,1
123,Sofia Anderson,Aria Anderson,76.56582602840295,16,96.63569700858747,9.0,1,2,1,0,0,0,66.37,1
124,Jackson Sharma,Isha Sharma,91.90760917759621,31,85.94974235409458,5.0,0,1,0,1,0,0,74.86,1
125,Arjun White,Lucas White,64.26451691786582,13,40.324295420360194,7.0,0,2,0,0,0,0,61.46,1
126,Riya Jackson,Mason Jackson,71.45912966981784,9,40.08077625739382,9.0,0,1,1,0,1,0,45.39,0
127,Elizabeth Sanchez,Aria Sanchez,63.38883377441671,35,62.686046187247044,7.0,1,2,1,0,1,0,67.71,1
128,Sebastian Walker,Benjamin Walker,89.45804232943658,33,48.60372220065355,10.0,1,2,1,1,0,0,65.03,1
129,Diya Gonzalez,Mia Gonzalez,78.6674672817609,8,41.10316852909584,9.0,1,2,1,2,0,0,50.53,0
130,Logan Smith,Riya Smith,82.94125350700352,27,67.84400136427028,5.0,1,0,1,2,1,0,63.2,1
131,Aarav Martinez,Daniel Martinez,62.61536249197033,10,96.5837138444183,4.0,0,1,1,1,0,0,54.82,0
132,Olivia Allen,Arjun Allen,61.011265068865754,13,,5.0,1,0,1,2,0,0,40.78,0
133,Jacob Miller,Mia Miller,74.41873144914693,38,79.66844070572179,5.0,1,1,1,0,0,0,62.67,1
134,Camila Walker,Aditya Walker,86.87828745464134,18,79.13412118794645,4.0,0,1,1,2,0,0,63.08,1
135,Elijah Gonzalez,Lucas Gonzalez,76.261987876008,14,55.06480621991007,4.0,0,0,1,1,0,0,50.37,0
136,Emma Taylor,Isabella Taylor,51.63228387728343,27,79.02551492943186,6.0,1,2,1,2,0,0,59.95,0
137,Evelyn Lewis,Harper Lewis,93.42757531601444,23,52.74003845721347,9.0,1,1,1,0,0,0,72.63,1
138,Evelyn Rodriguez,Elijah Rodriguez,53.23434467575658,7,47.32044481461334,10.0,1,2,1,0,0,0,41.06,0
139,Ava Young,Michael Young,97.79122418603761,8,82.08299713358142,6.0,1,0,1,1,1,0,70.06,1
140,Henry Scott,Oliver Scott,51.25709791386364,32,,4.0,0,2,1,1,0,0,38.38,0
141,Amelia Walker,Aditya Walker,84.72252280653544,32,99.81455311536132,7.0,0,1,1,1,1,0,87.94,1
142,Riya Walker,Aditi Walker,54.110353185589084,18,51.00714406901376,10.0,1,1,1,0,0,0,46.47,0
143,Riya Harris,Abigail Harris,,2,75.64851176538745,7.0,1,1,1,2,1,0,78.02,1
144,Charlotte Anderson,Emily Anderson,73.22166181127713,9,64.68247428475536,5.0,1,0,0,2,1,0,43.67,0
145,Liam Walker,Alexander Walker,56.87618874085077,39,47.58318534434002,8.0,1,1,1,1,1,0,56.03,0
146,Benjamin Torres,Ella Torres,67.04078498949232,0,41.670634454644805,5.0,1,0,1,2,1,0,21.07,0
147,Daniel Lewis,Ava Lewis,58.2412337673381,28,77.36393693757,5.0,0,2,1,2,0,0,54.57,0
148,Aditya Lewis,Benjamin Lewis,58.5290955778545,33,88.40545382734757,8.0,0,1,1,1,0,0,76.85,1
149,Oliver Gupta,Sebastian Gupta,97.4054160085721,12,90.52093969040465,9.0,0,1,1,1,0,0,80.46,1
150,Amelia Garcia,Daniel Garcia,72.26230561423941,0,68.96280838461607,4.0,1,1,1,0,0,0,42.82,0
151,Diya Johnson,Ethan Johnson,89.44011319526797,33,86.64732803094313,,1,2,1,0,0,0,100.0,1
152,Ananya Lewis,Charlotte Lewis,81.9802780588841,28,80.37082800931267,5.0,0,1,1,0,1,0,58.51,0
153,James Moore,Liam Moore,83.82131811691961,12,83.455271649948,8.0,0,0,1,0,0,1,83.8,1
154,Harper Sanchez,Isabella Sanchez,56.584671923601924,28,69.55594031330884,6.0,1,2,1,2,0,1,57.75,0
155,Henry King,Aditya King,61.70922234077428,38,78.00470441452762,,0,2,1,2,1,0,46.02,0
156,Isha Garcia,Logan Garcia,89.33751675772184,23,88.33155481456342,7.0,1,2,0,0,0,1,86.3,1
157,Abigail Thompson,Riya Thompson,98.53831032373915,25,63.873050533421385,4.0,1,2,1,0,0,0,66.36,1
158,Michael Gupta,Ethan Gupta,63.133782129932584,16,88.35873405205503,5.0,0,2,1,1,1,0,49.76,0
159,Ethan Lewis,Arjun Lewis,63.57843823755199,6,75.52101056734378,,0,0,1,2,0,0,46.71,0
160,Alexander Lewis,Diya Lewis,73.64485664054524,12,49.954061462247175,9.0,0,2,1,2,0,0,54.59,0
161,Olivia Thomas,Elizabeth Thomas,99.19201564277189,4,41.48104943347508,8.0,1,1,1,0,1,0,64.87,1
162,Aditya Walker,Riaan Walker,63.44794729132355,25,61.76521602394912,6.0,1,2,0,2,1,1,48.45,0
163,Ananya Flores,Sophia Flores,70.34859548171319,2,72.80177969778039,6.0,0,2,1,1,1,0,52.6,0
164,Alexander Sanchez,Sofia Sanchez,94.57400078117533,6,90.3892211322093,10.0,1,2,1,1,0,0,69.72,1
165,Emily Brown,Isabella Brown,50.1460516310681,38,47.64914080841477,4.0,1,2,1,2,1,0,35.97,0
166,Ella Torres,Elizabeth Torres,51.988298249428475,0,88.01238086101475,10.0,1,2,1,0,0,0,55.05,0
167,Avery Martin,Diya Martin,80.20358385356096,16,91.78054276403361,,0,0,0,2,0,0,79.58,1
168,Emily Clark,Sebastian Clark,95.36900823564235,24,49.04124922005003,4.0,1,0,1,1,0,0,56.85,0
169,Ella Lewis,Sebastian Lewis,61.94283302009639,2,91.09565915825314,5.0,0,2,1,0,0,0,36.43,0
170,Lucas Ramirez,Daniel Ramirez,73.48208873403544,14,99.48721407056752,5.0,0,0,1,2,0,0,68.55,1
171,Mason Lewis,Amelia Lewis,72.52326508289092,28,83.61032986289425,6.0,1,1,1,0,0,0,71.99,1
172,Emma Anderson,Aditya Anderson,73.64856730477551,31,87.08618090949928,7.0,0,2,1,0,0,0,80.34,1
173,Riya Nguyen,Diya Nguyen,81.12598478648727,25,99.66491605353241,8.0,1,1,0,1,0,1,88.32,1
174,Elizabeth Johnson,Aarav Johnson,,15,76.32887503155672,7.0,0,1,1,0,1,0,64.84,1
175,Jackson Martin,Riaan Martin,72.3734070661229,24,58.47318292097496,5.0,0,2,1,2,0,0,43.51,0
176,Jacob Moore,Isha Moore,73.71442102156303,27,90.25185004456334,8.0,1,1,0,0,0,0,85.96,1
177,Mason Smith,Sebastian Smith,79.54337206355208,8,76.86914665069787,7.0,0,1,1,0,0,0,72.92,1
178,Abigail Nguyen,Isabella Nguyen,76.85037441756792,0,74.8717254232574,7.0,0,1,1,2,0,1,69.39,1
179,Liam Perez,Harper Perez,92.70679988252522,28,55.21813333084229,8.0,0,2,1,1,0,0,84.22,1
180,Ananya Scott,Lucas Scott,52.47484267468333,21,85.38005617497319,5.0,1,2,1,1,0,0,46.12,0
181,Mila Miller,Harper Miller,91.66585357365062,15,44.90003655160577,7.0,1,1,1,2,0,0,65.03,1
182,Aria Wright,Alexander Wright,92.1962306305862,6,95.45722424767968,8.0,0,2,1,2,1,1,83.59,1
183,Emily Nguyen,William Nguyen,64.24540107654803,13,59.549407646229085,,0,2,1,1,0,0,46.56,0
184,Logan Walker,Logan Walker,73.14259775079253,28,47.66647916739943,9.0,0,1,0,0,0,0,56.86,0
185,Riya Martin,William Martin,71.92692442687178,18,66.54199198614512,5.0,1,2,1,2,0,0,48.01,0
186,Isabella Jones,Mia Jones,60.925491717706514,18,42.54819455539199,8.0,1,0,1,0,0,0,48.09,0
187,Daniel Green,Sophia Green,69.83984235431582,1,81.07757165589797,9.0,0,2,1,2,0,0,52.4,0
188,Amelia Sharma,Evelyn Sharma,52.21938860854272,14,,8.0,1,0,1,1,0,0,61.97,1
189,Ava Gonzalez,Sebastian Gonzalez,63.89110363908672,2,90.23578042831053,7.0,1,1,1,0,0,0,62.89,1
190,Oliver Martinez,Ava Martinez,90.8341087725359,10,47.64216840687286,5.0,1,2,1,0,1,0,39.99,0
191,Mason Lopez,Evelyn Lopez,64.22811508814488,29,,9.0,1,1,1,2,1,0,54.02,0
192,Alexander Robinson,Benjamin Robinson,90.91033343741238,39,88.80606893945584,10.0,0,1,1,0,0,0,90.28,1
193,Liam Ramirez,Logan Ramirez,76.57997323022154,17,95.45525647618695,7.0,1,1,1,2,1,0,72.63,1
194,Mason Moore,Abigail Moore,93.993133868058,1,67.64018979000934,10.0,1,1,1,1,0,0,62.86,1
195,Riya Moore,Avery Moore,78.73897771322076,31,69.93826701482595,10.0,0,1,1,0,1,0,70.08,1
196,Harper Nguyen,Aditya Nguyen,51.48341115323699,7,59.095722483143554,4.0,0,2,1,2,0,0,29.09,0
197,Noah Lopez,Evelyn Lopez,83.77101037735446,21,93.65590709538483,4.0,1,0,1,0,0,0,61.9,1
198,Aria Allen,Elijah Allen,52.24267840117843,5,78.69417431754135,5.0,1,2,1,2,1,0,30.12,0
199,Mila Garcia,Daniel Garcia,72.5298509491567,11,57.29509463004211,9.0,0,2,1,2,1,0,44.86,0
200,Riaan Flores,Sofia Flores,96.4713347236557,39,57.926972263255095,9.0,0,2,1,2,1,0,74.93,1
201,Olivia Wright,Sophia Wright,58.26019696689251,35,93.47200438381614,9.0,0,2,1,1,0,0,68.3,1
202,Aditya Brown,Riya Brown,69.4936176470772,14,40.81804143434929,8.0,1,0,1,0,1,0,58.16,0
203,Isha Ramirez,Charlotte Ramirez,86.49301544242391,27,59.3635943635983,7.0,1,2,1,1,1,0,84.3,1
204,Ethan Walker,Elijah Walker,94.11292780474238,17,73.26140087298214,9.0,0,1,1,2,0,0,80.4,1
205,Jackson Gonzalez,Daniel Gonzalez,83.5471502371254,1,48.89304772595948,7.0,1,2,1,2,0,1,63.01,1
206,Isabella Nguyen,Sophia Nguyen,62.908662709558456,12,45.52592525197539,5.0,0,2,1,1,0,0,44.43,0
207,Ethan Thomas,Mila Thomas,83.73039264581081,14,88.91657986543359,10.0,1,0,1,1,1,0,69.15,1
208,Ananya Thomas,Olivia Thomas,64.8363820552045,19,93.66426331891043,9.0,0,0,1,0,0,0,60.58,1
209,Alexander Perez,Ella Perez,85.92146149093676,28,89.41638524789137,,0,1,1,2,0,0,70.76,1
210,Avery Perez,Riaan Perez,97.70165637925203,28,93.92727338424086,9.0,1,2,0,1,0,0,86.17,1
211,Mason Miller,Michael Miller,,2,73.18671826350229,4.0,1,2,1,2,0,0,47.61,0
212,James Sharma,Mila Sharma,93.14402514562062,18,88.73548725942052,6.0,1,2,1,2,0,0,74.81,1
213,Aarav Robinson,Lucas Robinson,50.10519215879417,2,63.04255830346602,5.0,1,1,1,0,0,0,27.39,0
214,Jacob Lee,Ananya Lee,85.87860623657971,13,79.97607168874231,9.0,1,0,1,0,1,0,68.04,1
215,Jackson Green,Harper Green,91.47937784326251,39,99.33013188334988,6.0,1,1,0,0,0,0,96.46,1
216,Aarav Gonzalez,Avery Gonzalez,52.02793687723407,3,53.54366343034765,5.0,0,2,1,1,1,0,16.8,0
217,Sofia Williams,Mia Williams,93.57988636441152,10,63.39398477746484,8.0,1,0,1,2,0,0,76.95,1
218,Harper Harris,Ella Harris,62.83471141550229,30,68.80284263860514,9.0,0,0,0,1,0,0,63.29,1
219,Emma Martinez,Alexander Martinez,83.26460509890276,31,48.2809292212031,8.0,0,1,1,1,0,0,78.55,1
220,Logan Gonzalez,Diya Gonzalez,90.01774395117033,26,44.86231662790341,4.0,1,0,1,0,0,0,61.25,1
221,Avery Moore,Jacob Moore,83.13322565296778,29,89.78337197929747,9.0,0,0,1,2,0,0,77.58,1
222,Emily Hernandez,Arjun Hernandez,54.61423960366286,1,98.60766236965517,10.0,0,2,1,2,1,0,50.94,0
223,Alexander Williams,Sophia Williams,79.81607594301842,8,64.28350382977952,4.0,1,2,1,0,0,0,49.16,0
224,Ethan Williams,William Williams,77.47918283610719,27,45.258990171679194,6.0,1,0,1,2,0,0,64.6,1
225,James Gonzalez,Oliver Gonzalez,95.01606340371357,30,43.948705641434586,5.0,1,0,1,0,0,0,61.67,1
226,Logan Perez,Isabella Perez,70.21198648221046,33,93.47909238161792,7.0,0,1,1,1,0,0,84.9,1
227,Lucas Wright,Riya Wright,66.0540548543525,14,67.82885498366079,,1,1,1,1,1,0,33.6,0
228,Daniel Lewis,Liam Lewis,87.49253822182331,24,59.201638993743515,7.0,1,0,1,0,0,0,76.91,1
229,Ethan Allen,Ella Allen,70.63376630416982,35,68.58767627436397,7.0,1,2,1,1,0,0,77.63,1
230,Mason Davis,Diya Davis,82.30480875025316,7,59.09824568154084,5.0,1,0,1,1,0,0,49.01,0
231,Olivia Young,Lucas Young,82.32250450623035,8,69.3421465184572,6.0,0,0,1,0,0,1,72.92,1
232,Michael Clark,Charlotte Clark,94.4019532180059,36,91.57338381507621,5.0,1,2,1,1,0,0,78.59,1
233,Sophia Thomas,Emma Thomas,79.93462011595487,38,75.53808226372574,9.0,0,2,1,2,0,0,72.12,1
234,Jacob Sharma,Sebastian Sharma,75.10768049809934,31,81.67922636861053,4.0,1,1,0,1,0,0,69.88,1
235,Olivia Green,Sofia Green,56.94356631982585,16,61.880240574060196,7.0,0,1,1,0,0,0,63.05,1
236,Aditya Gonzalez,Camila Gonzalez,55.786880333935265,34,84.31035271063112,5.0,0,1,1,2,0,0,49.14,0
237,Evelyn Gonzalez,Arjun Gonzalez,57.71607826415397,36,79.99702509276234,5.0,0,1,1,2,1,0,51.49,0
238,Liam White,Sofia White,58.592424066354724,18,47.17371986512339,5.0,1,2,0,1,0,0,39.65,0
239,Jacob Thompson,Evelyn Thompson,81.89385463318169,28,74.35857118693508,4.0,0,0,1,2,1,0,59.1,0
240,Amelia Martin,Aditi Martin,87.04906251372893,6,55.40460977858548,6.0,1,1,1,0,1,0,56.15,0
241,James Walker,Elijah Walker,76.49957614632093,27,88.24574017801557,10.0,1,1,1,2,0,0,71.34,1
242,Mila Lewis,Aditya Lewis,91.45088662727454,8,65.55626250801637,5.0,1,2,1,1,0,0,58.55,0
243,Aria Allen,Logan Allen,99.56316133668166,27,99.68104991178923,4.0,1,2,1,1,0,0,79.18,1
244,James Johnson,Henry Johnson,91.0006314559678,5,45.550026276337825,7.0,1,0,0,2,1,0,53.18,0
245,Aarav Lewis,Sebastian Lewis,,28,86.8208717644095,9.0,0,0,1,0,0,0,79.68,1
246,Jackson Davis,Jacob Davis,76.62463497185733,16,80.42210401252939,10.0,1,2,1,0,0,0,59.4,0
247,Aria Flores,Sofia Flores,72.4426535837354,15,86.04992983544233,8.0,0,1,1,1,0,1,78.83,1
248,Emily Singh,Isha Singh,54.21961902722712,22,58.45178772942738,10.0,0,1,1,1,1,0,39.54,0
249,James Clark,Aditi Clark,69.96843741973454,30,69.52326936294403,10.0,0,1,1,0,0,0,56.03,0
250,Aditi Smith,Daniel Smith,95.50673183910672,2,87.7905111834225,4.0,0,0,1,2,0,0,55.56,0
251,Ella Jackson,Jackson Jackson,90.40113149532765,20,53.9524798972513,8.0,0,1,1,2,0,1,78.26,1
252,Ananya Perez,Avery Perez,60.80256825058436,25,53.561991807319124,5.0,0,1,1,2,0,0,43.8,0
253,Ava Harris,Mila Harris,73.33038923486079,35,73.06305719769594,5.0,0,2,1,2,0,0,55.77,0
254,Logan Davis,Daniel Davis,90.83616012792723,36,71.41381477179135,10.0,1,1,1,0,1,0,72.64,1
255,Logan Robinson,Emma Robinson,53.36922773927613,21,56.93574822477597,4.0,0,2,1,1,1,0,32.57,0
256,Camila Jones,William Jones,69.36962928343297,11,57.88453903148937,8.0,1,1,0,1,1,0,61.38,1
257,Aditya Green,Ava Green,92.59206184369738,12,56.67070979239393,5.0,0,0,1,2,0,0,51.72,0
258,Arjun Harris,Mila Harris,70.19489320850619,10,86.29072371990927,7.0,0,1,1,0,0,0,72.52,1
259,Daniel Lee,Noah Lee,53.880732236572044,15,79.11405193374765,,0,1,1,0,0,0,44.61,0
260,Lucas Young,Camila Young,77.12671842661257,7,89.94503100461516,6.0,0,2,1,2,0,0,66.02,1
261,Sophia Allen,Sofia Allen,93.08712474591476,39,98.52838169884132,5.0,1,2,1,2,0,0,85.93,1
262,William Martin,Aditya Martin,79.51427714765799,39,68.44985777631919,8.0,1,2,0,2,0,0,87.84,1
263,Ella Walker,Isabella Walker,61.31395541071159,1,44.00163288432693,9.0,1,1,1,1,0,0,42.47,0
264,Daniel Anderson,Liam Anderson,69.21198100686907,29,,5.0,0,1,1,2,0,0,50.6,0
265,Sofia Ramirez,Olivia Ramirez,72.50616805909661,29,57.73990235629715,9.0,0,0,1,1,0,1,70.71,1
266,Evelyn Jackson,Riaan Jackson,78.96331769102633,11,95.95267536114704,9.0,0,1,0,0,1,0,65.1,1
267,Jacob Allen,Abigail Allen,,9,71.3927832982525,,1,0,1,0,0,0,84.1,1
268,James Singh,Jacob Singh,54.94368088203177,10,56.307190964807745,9.0,0,2,1,1,1,0,34.08,0
269,Mason Lee,Lucas Lee,94.48260165087831,14,63.95000767066117,7.0,1,2,1,1,1,0,75.05,1
270,Ella Torres,Ava Torres,50.61548515080378,15,75.91570644428025,8.0,1,2,1,1,0,1,58.18,0
271,Ethan Wilson,Henry Wilson,68.50261673371276,16,79.17697948827053,5.0,0,0,1,1,0,0,46.68,0
272,Amelia Lee,Ava Lee,51.371015498632886,25,49.235170586974306,10.0,0,1,1,2,0,0,36.65,0
273,Harper Singh,Emma Singh,69.64871126726456,1,98.62190059271056,,1,2,1,0,1,0,68.35,1
274,Elijah Young,Riaan Young,76.29062994366619,11,72.68633361896732,4.0,1,1,1,2,0,1,47.36,0
275,James Torres,Emma Torres,75.58406932907559,25,48.14129906753676,6.0,1,1,1,1,1,0,53.69,0
276,Elijah Martinez,Harper Martinez,58.28141735141327,22,93.61811520076802,5.0,0,2,1,2,0,0,58.39,0
277,William Jones,Noah Jones,82.28702550478062,17,44.47830586476573,5.0,0,0,1,2,1,0,46.5,0
278,Alexander Hernandez,Liam Hernandez,52.23892252523341,31,94.46412599065076,5.0,0,1,1,0,1,0,55.14,0
279,Elizabeth Thomas,Mason Thomas,88.09534100662077,37,99.79393937733894,7.0,0,2,1,2,0,0,99.78,1
280,Benjamin Williams,Riaan Williams,97.33222169967732,2,82.02590794939023,4.0,0,1,1,0,0,1,64.23,1
281,Ella Martinez,Liam Martinez,66.9884413575559,37,86.22683326443939,10.0,0,1,1,1,0,1,71.6,1
282,Riya Gupta,Henry Gupta,75.8619690857166,2,60.23817018804918,8.0,1,1,1,2,0,0,59.19,0
283,Daniel Jackson,Ananya Jackson,68.94551390294072,29,96.49461116403603,4.0,1,1,1,1,0,0,65.02,1
284,Benjamin Wright,Ella Wright,50.335519515202996,0,71.78283796650206,7.0,1,1,1,0,1,0,42.99,0
285,Isha Nguyen,Michael Nguyen,69.2937251447558,29,83.94330679585329,5.0,0,0,0,1,0,1,61.84,1
286,Sofia Hernandez,Mason Hernandez,89.58601296306733,31,95.44646295467678,6.0,1,0,1,1,1,0,78.6,1
287,Elizabeth Williams,Ethan Williams,79.7994421091741,27,98.5107985585305,5.0,0,2,1,0,1,0,63.23,1
288,Ella Jackson,Ava Jackson,55.06299573075795,20,89.99226139580045,8.0,0,0,1,1,0,1,67.65,1
289,Emily Hill,Harper Hill,92.35697448468926,12,58.1810504189218,,1,0,1,1,1,0,66.18,1
290,Arjun Anderson,Riaan Anderson,76.55426724426215,26,97.99285099312493,6.0,0,0,1,1,0,0,74.63,1
291,James Miller,Daniel Miller,92.0861680872338,35,77.68717187461431,5.0,1,1,1,2,1,0,73.81,1
292,Sophia Flores,Olivia Flores,79.01107593925147,6,95.83854858111759,10.0,1,1,0,1,0,0,63.54,1
293,Ananya King,Isabella King,77.984422241897,21,80.5663015488611,6.0,0,2,1,0,0,0,70.54,1
294,Diya Singh,Emily Singh,55.26295925985062,9,58.43433771086323,9.0,1,2,1,2,0,0,40.44,0
295,Jackson Nguyen,Elizabeth Nguyen,58.3679866569314,38,62.20147144856895,4.0,1,2,1,2,0,0,55.14,0
296,William Thompson,Benjamin Thompson,98.60126282482955,14,73.02830662617643,7.0,1,1,1,0,0,0,82.79,1
297,Liam Williams,Sebastian Williams,,14,87.40089049359293,5.0,1,0,1,1,0,0,45.21,0
298,Emily Allen,Ethan Allen,98.87260589951839,3,,8.0,0,0,1,2,0,0,71.52,1
299,Henry Thomas,Benjamin Thomas,76.59563532621317,31,74.78386996805153,4.0,1,1,1,2,1,1,57.3,0
300,Ava Green,James Green,56.78945235319686,22,60.737499614584095,5.0,1,2,1,2,0,0,43.66,0
301,Aarav Moore,Ananya Moore,54.96511013768465,5,88.94616427810644,4.0,1,2,1,1,0,0,42.1,0
302,Ananya Jones,Benjamin Jones,60.443203535287,23,68.00368562607703,8.0,0,2,0,2,0,0,65.59,1
303,Riya Green,James Green,96.28186650126679,19,44.603369611173115,5.0,1,1,1,0,1,1,51.01,0
304,Aditya Young,Ava Young,70.70751121641135,36,49.963151288892185,9.0,0,2,1,1,1,0,57.3,0
305,Noah Clark,Amelia Clark,69.77171339964572,19,,9.0,1,2,1,0,0,0,51.5,0
306,Elijah Flores,Emma Flores,65.6603130535087,11,69.95817676085952,8.0,1,1,0,0,0,1,64.89,1
307,Sofia Thompson,Benjamin Thompson,57.35309252832942,32,46.38023784089363,6.0,1,0,1,2,0,0,53.06,0
308,Sophia Perez,Ethan Perez,74.39255985962032,27,46.84839815857793,8.0,0,1,1,2,0,1,77.15,1
309,Elijah Wright,Isha Wright,,7,96.46289560230262,6.0,0,1,1,2,1,1,49.5,0
310,Emma Green,Mason Green,91.77401181911638,0,92.35930433056333,5.0,0,1,1,0,0,1,62.22,1
311,Isabella White,Alexander White,68.51984931376532,36,67.12519580868195,6.0,0,1,1,1,1,0,62.54,1
312,Amelia White,Jackson White,,21,,5.0,0,0,1,2,0,0,58.18,0
313,Ava Torres,Olivia Torres,73.70032142415779,5,40.011191690239784,,0,2,0,2,1,0,33.14,0
314,Sofia Sharma,Amelia Sharma,72.20638565828759,20,76.83876737640362,10.0,1,1,1,0,0,0,62.69,1
315,Emma Singh,Jackson Singh,,31,76.9856906423122,7.0,0,0,1,1,1,0,91.21,1
316,Alexander Lee,Riaan Lee,77.26905606091512,34,67.4465833521933,5.0,1,2,1,0,1,0,61.23,1
317,Mila King,Aarav King,54.410085189493536,14,63.81687837605757,6.0,0,2,1,2,1,0,39.85,0
318,Noah Flores,Ethan Flores,80.3438670788465,4,67.32298812883646,7.0,0,2,1,0,0,0,69.95,1
319,Isha Ramirez,Lucas Ramirez,57.579214643494,5,64.89762616478083,7.0,0,1,1,2,0,0,44.59,0
320,Isha Gupta,Amelia Gupta,51.5468822365671,24,83.82954864893796,5.0,1,1,0,1,0,0,45.34,0
321,Benjamin Gupta,Noah Gupta,,39,48.12132609839704,8.0,0,2,1,0,0,0,89.09,1
322,Arjun Allen,Harper Allen,88.6769445767282,28,51.85835323546781,8.0,0,2,1,2,0,0,81.24,1
323,Daniel Walker,Charlotte Walker,99.00544962068835,6,50.83109370354542,9.0,1,2,1,2,0,0,64.71,1
324,Elijah Taylor,Ava Taylor,73.89392240111212,39,55.748235107275875,7.0,1,2,1,2,0,0,79.13,1
325,Charlotte Torres,Sofia Torres,76.6128765574488,12,71.515505126895,5.0,1,2,1,2,0,0,49.91,0
326,Oliver Lopez,Jacob Lopez,58.416847795956514,37,,10.0,1,2,1,0,0,0,57.1,0
327,Elizabeth Sharma,Mila Sharma,62.345371333379276,17,92.09015771959025,8.0,0,0,1,2,0,0,64.68,1
328,Emma Gonzalez,Benjamin Gonzalez,91.92746074514142,1,57.84169187850834,10.0,1,2,1,0,0,0,61.45,1
329,Mason Rodriguez,James Rodriguez,67.8092823558797,7,49.75227924812247,5.0,0,1,1,2,0,0,33.36,0
330,James Davis,Henry Davis,91.34074868982094,10,80.53727857589459,5.0,0,1,0,0,0,0,66.64,1
331,Jacob Gonzalez,Michael Gonzalez,85.45068621435159,32,42.285178035959156,7.0,1,1,1,0,0,0,74.14,1
332,Ava King,Oliver King,58.858546263593276,37,77.19811389244985,10.0,0,2,1,2,1,0,63.96,1
333,James Martin,Daniel Martin,75.37231830598711,26,81.89190584058998,9.0,1,1,1,2,1,0,65.74,1
334,Alexander Garcia,Mila Garcia,83.86936607593584,19,52.89499188320315,7.0,0,0,1,2,1,1,61.38,1
335,Alexander Young,Mason Young,61.751860740191255,11,42.51784440661806,4.0,1,2,1,2,1,0,24.8,0
336,Logan Garcia,Isha Garcia,91.53442552600384,30,61.81872153516697,10.0,1,1,1,1,0,1,79.86,1
337,Alexander White,Liam White,77.24138287725934,26,,8.0,1,0,1,2,0,0,74.28,1
338,Avery Torres,Camila Torres,58.262102522130164,31,46.98867098040022,8.0,1,0,1,2,0,0,57.36,0
339,Daniel Thompson,Lucas Thompson,79.14922130823012,9,55.25567388669187,8.0,1,1,0,2,0,0,72.82,1
340,Ananya Miller,Liam Miller,99.9856902077957,2,57.72807547760556,6.0,1,0,1,0,0,0,66.21,1
341,Mila Taylor,Abigail Taylor,57.526074583170676,26,71.79822046128524,5.0,0,1,1,2,0,0,50.59,0
342,Isabella White,William White,90.83784650597642,34,80.7035131301808,7.0,0,0,1,0,0,0,88.87,1
343,Emily Singh,Aarav Singh,60.3654501593779,30,75.56625645221109,8.0,0,2,1,0,0,0,70.07,1
344,Aditi Walker,Arjun Walker,89.11941647300436,14,48.901620237371006,4.0,1,2,1,0,1,0,49.81,0
345,Noah Anderson,Emma Anderson,86.72889615607066,15,50.32516194715758,8.0,0,2,1,0,0,0,71.38,1
346,Olivia Lee,Mason Lee,65.02446928002162,12,92.72615498757487,9.0,1,2,1,1,0,0,49.15,0
347,Liam Davis,Logan Davis,66.2911558782225,34,73.50113890384682,5.0,0,2,1,2,0,1,56.06,0
348,Ethan Green,Aditya Green,89.62606959814596,10,92.19626997386135,10.0,0,1,1,0,0,0,66.58,1
349,Olivia Lewis,Charlotte Lewis,73.07227559436564,20,62.292790679192464,5.0,1,2,1,2,0,0,46.25,0
350,Aarav Anderson,Noah Anderson,86.54090143559044,10,76.86400044587943,10.0,0,2,1,0,1,0,57.37,0
351,Jacob Rodriguez,Ella Rodriguez,57.39920736829174,29,71.41980496327665,10.0,0,2,1,1,0,0,62.9,1
352,Lucas Perez,Harper Perez,92.62788909507768,34,59.147409389227754,7.0,0,2,1,0,0,0,94.11,1
353,Riya Moore,Aria Moore,85.54423583411597,21,68.19492232201571,6.0,1,0,1,2,0,0,71.65,1
354,Abigail Singh,Mia Singh,95.34714044174169,37,70.14945260961592,10.0,0,2,1,2,0,0,83.83,1
355,Mila Robinson,Harper Robinson,56.61861895174862,30,52.04625848540071,10.0,1,2,1,1,1,1,47.7,0
356,Camila Walker,Avery Walker,79.65072501802989,13,58.900622342603896,7.0,0,1,1,2,0,0,74.49,1
357,Aarav Gupta,Sebastian Gupta,79.95602925201626,23,87.48458503041854,8.0,0,0,1,2,1,1,70.79,1
358,Noah White,James White,67.67303702733912,31,94.94729436724762,9.0,0,1,1,0,1,1,63.29,1
359,Ananya Williams,Sebastian Williams,72.9233212284629,35,61.587645612717964,4.0,0,2,1,2,1,0,56.75,0
360,Elizabeth Williams,Henry Williams,51.89907816449267,31,58.418336932541095,7.0,1,1,0,0,0,0,67.01,1
361,Henry Johnson,Charlotte Johnson,87.2930019313506,14,51.711829874312954,6.0,0,1,1,1,0,0,65.25,1
362,Mason Allen,Isha Allen,77.4661239701587,34,80.70947011903488,7.0,1,2,1,2,0,0,81.51,1
363,Avery Davis,Ella Davis,52.88705259345869,2,59.38598209998024,5.0,1,0,1,0,0,0,32.51,0
364,Sophia Thomas,Ethan Thomas,84.03779464802427,15,99.2649723459513,8.0,0,0,1,2,1,0,86.15,1
365,Ananya Gupta,Evelyn Gupta,73.3391038615594,4,59.5410881238372,8.0,0,1,1,0,1,0,59.74,0
366,Oliver Miller,Sebastian Miller,51.72306297125,20,63.648162806957686,10.0,1,2,1,1,1,0,33.15,0
367,Aditi Sharma,Ethan Sharma,98.48038634240477,9,76.20005177272208,8.0,1,1,1,0,1,0,79.95,1
368,Isha Singh,Oliver Singh,97.45560715447203,18,88.1010575914783,8.0,0,1,1,2,0,0,94.24,1
369,Aditya Sharma,Noah Sharma,75.64512080735987,24,68.17111992073802,8.0,0,1,1,0,0,0,73.78,1
370,Jackson Ramirez,Emma Ramirez,54.68362103529551,3,65.3593620273375,8.0,0,2,1,2,0,0,52.66,0
371,Michael White,Benjamin White,87.73106107992959,28,99.7382700156885,,0,2,1,1,1,0,67.51,1
372,Elizabeth Garcia,Diya Garcia,74.59655500528645,18,40.629618468396664,6.0,0,0,1,0,1,0,45.5,0
373,Sofia Perez,Oliver Perez,65.122373914469,1,93.70391733107475,10.0,1,2,1,2,0,0,61.73,1
374,Michael Johnson,William Johnson,74.57090887642784,9,48.94844955638425,8.0,0,1,1,2,1,0,57.79,0
375,James Sharma,Mia Sharma,76.12220727027322,24,87.1555165725348,10.0,0,1,1,2,1,0,62.4,1
376,Riaan Williams,Lucas Williams,78.13558495111695,19,77.07589359077788,,1,0,1,0,1,0,57.0,0
377,Ethan Sanchez,Ella Sanchez,72.06118568276632,18,60.51083712988552,9.0,0,2,1,0,1,0,49.95,0
378,Ananya Jackson,Liam Jackson,80.28776515695283,22,92.4324973312611,8.0,0,1,1,0,0,0,81.48,1
379,Mia Allen,Abigail Allen,95.93673553031887,23,40.774433678859516,10.0,1,0,0,1,0,0,69.88,1
380,Lucas Hernandez,Liam Hernandez,68.11340435492956,10,53.60143912449542,7.0,0,0,1,2,0,0,61.89,1
381,Liam Rodriguez,Ella Rodriguez,86.28582316099745,33,74.01356777497216,10.0,1,1,1,2,0,0,80.41,1
382,Sofia King,Charlotte King,94.72262784121162,27,61.09253560298188,8.0,0,1,1,1,0,0,83.66,1
383,Michael King,Oliver King,72.79896378799685,4,76.62264971909966,5.0,0,2,1,1,0,0,50.35,0
384,Michael Anderson,Amelia Anderson,72.17279181909521,4,41.44661160452001,4.0,0,0,1,0,1,0,35.65,0
385,Ethan Lopez,Charlotte Lopez,80.10584926773898,20,46.98753582890275,7.0,1,1,1,0,0,0,69.12,1
386,Abigail Robinson,Sophia Robinson,79.5703379711244,11,47.625774413106356,7.0,1,0,0,0,1,0,56.4,0
387,Henry Lewis,Riya Lewis,90.32946711631385,3,51.35701875496056,5.0,1,2,1,0,0,0,49.51,0
388,Evelyn Lopez,Liam Lopez,73.82416918891464,19,67.55988644803257,8.0,1,1,1,0,0,0,80.7,1
389,Ethan Nguyen,Riya Nguyen,99.80614748197206,37,85.12772197261427,4.0,0,2,1,0,0,0,77.69,1
390,Ananya Williams,Mila Williams,52.97357844336404,24,94.33233027573407,7.0,1,0,1,1,0,0,67.98,1
391,Emily Patel,Daniel Patel,50.15839242903509,13,90.12235181705476,4.0,1,2,1,1,0,0,41.86,0
392,Sophia Wilson,Elizabeth Wilson,82.00991557798119,10,51.813272306541016,7.0,1,2,1,1,0,0,69.92,1
393,Sophia Wilson,Oliver Wilson,64.92174561809384,31,66.46903313383794,8.0,0,0,1,2,0,0,64.45,1
394,Amelia Martin,Aarav Martin,62.019119434974186,10,51.9646958655121,9.0,0,2,1,2,0,0,51.02,0
395,Olivia Robinson,Aditi Robinson,65.59495400021402,17,55.868309000031445,,1,0,1,0,0,0,67.79,1
396,Noah Smith,Benjamin Smith,62.80237825524772,26,70.21281889071317,9.0,1,1,1,1,1,0,53.05,0
397,Isabella Hill,Aditi Hill,51.53950248302239,17,44.08654148341135,7.0,0,0,1,2,0,0,61.48,1
398,Aria Rodriguez,Emma Rodriguez,98.57665211952943,22,53.09045977559639,6.0,1,0,0,2,0,0,78.98,1
399,Mason Gonzalez,Ella Gonzalez,61.037274422639086,10,96.12268967842704,8.0,1,1,1,1,1,0,68.16,1
400,Elizabeth Rodriguez,Camila Rodriguez,86.70148812946532,20,67.96697755950933,5.0,1,0,1,2,0,1,65.16,1
401,Benjamin Garcia,Noah Garcia,88.12981973470876,4,66.72319155867234,9.0,1,1,1,2,1,0,62.53,1
402,Aditya Scott,Riya Scott,96.46286990036145,22,40.87402928507673,5.0,0,1,0,1,1,0,54.05,0
403,Aditya Lee,Isabella Lee,51.527472854669,24,54.84398482350075,8.0,0,0,0,2,1,0,51.89,0
404,Emma Ramirez,Michael Ramirez,93.60241692235039,9,91.97754615893088,10.0,0,2,1,1,0,0,72.48,1
405,Emma Thompson,Ava Thompson,76.36130904199001,21,49.87770569552012,5.0,1,2,1,2,1,0,41.97,0
406,Emily Ramirez,Lucas Ramirez,81.6272054982914,18,64.90749637208327,8.0,1,1,1,1,1,1,69.2,1
407,Elijah Gupta,Michael Gupta,82.22351385605168,0,40.85985435202007,5.0,0,2,1,2,0,0,39.85,0
408,Olivia Anderson,Aditya Anderson,90.98989024923637,6,68.70012890023335,9.0,0,2,1,2,0,0,72.6,1
409,Alexander Nguyen,Riya Nguyen,66.67036610795553,3,41.26126640357303,6.0,0,0,1,1,0,0,33.47,0
410,Harper Gupta,Mia Gupta,86.65255949299967,0,89.176573183948,5.0,1,1,0,2,1,0,57.12,0
411,Noah Sharma,Aditya Sharma,76.42890548610985,14,89.49122604922621,9.0,0,1,1,1,0,1,63.66,1
412,Olivia Torres,Isha Torres,89.6697007152674,39,87.26453129814219,7.0,1,0,1,1,1,0,92.06,1
413,James Perez,James Perez,99.52730163850667,11,57.00184413346709,8.0,1,2,0,2,0,0,77.42,1
414,Aditi Robinson,Jacob Robinson,60.03255087018806,21,90.23423309330909,4.0,0,1,1,0,1,0,54.01,0
415,Oliver Perez,Jacob Perez,99.7324320779999,21,72.57988795631616,10.0,0,2,1,2,0,0,78.11,1
416,Isha Thompson,Alexander Thompson,54.4906077141387,16,62.428486532020145,,1,1,1,0,0,0,39.51,0
417,William Perez,Isabella Perez,,28,77.51979758225397,8.0,0,1,1,0,0,0,67.62,1
418,Harper Sanchez,Elizabeth Sanchez,52.20809680889156,13,40.74046276362244,6.0,0,1,0,2,0,0,33.41,0
419,Aria Wilson,Oliver Wilson,67.08912023683808,19,48.57765265604513,5.0,1,1,0,0,0,0,41.94,0
420,Logan Young,Amelia Young,81.64531653392172,32,84.53761229021578,6.0,1,2,1,1,0,0,83.17,1
421,Aarav Garcia,Charlotte Garcia,53.45147704439248,14,54.64969652296918,4.0,1,2,1,1,0,0,29.97,0
422,Ella Lopez,Emily Lopez,,11,75.88054703972497,10.0,1,2,1,0,1,0,44.75,0
423,Harper Hernandez,Noah Hernandez,96.85455142293974,39,63.10615616938178,9.0,1,2,1,1,1,0,78.22,1
424,Logan White,Jacob White,91.09633179699648,19,91.28834672795568,10.0,0,0,1,2,0,0,84.2,1
425,Mason Hernandez,Emily Hernandez,90.45915855695155,29,97.14491835979862,8.0,1,1,1,1,0,0,100.0,1
426,Evelyn Smith,Aria Smith,94.22121377509885,37,93.01388370221142,8.0,1,1,1,0,0,0,92.91,1
427,Isha Perez,Liam Perez,85.00171363860522,2,56.2371996816158,6.0,1,1,1,2,1,0,46.52,0
428,Oliver Jones,Mason Jones,55.22020648740407,27,51.64977214276494,9.0,0,0,1,1,0,0,48.37,0
429,Emma Jackson,Elijah Jackson,,25,68.4660936172441,6.0,1,2,1,2,0,0,68.87,1
430,Aditi Hill,Elizabeth Hill,86.15747432323147,29,40.44004905017081,5.0,1,1,0,0,0,0,58.46,0
431,Isha Anderson,Olivia Anderson,64.01672303957605,12,41.54856357179091,7.0,1,2,1,1,1,0,44.9,0
432,Henry Walker,Elijah Walker,84.37031820681187,12,73.19743837738,9.0,0,2,1,2,0,1,69.3,1
433,Mia Lee,Michael Lee,51.224922413382615,1,71.22696424991716,,1,0,1,2,1,0,41.95,0
434,Avery White,Sophia White,65.30686704397966,36,99.6749193421156,10.0,1,0,1,1,0,0,78.57,1
435,Sophia Wright,Riya Wright,77.45651681385863,37,52.110510121825484,5.0,1,2,1,2,0,0,60.76,1
436,Ananya Wright,Liam Wright,81.60449147531212,1,55.48623574962811,7.0,0,1,1,2,0,0,60.44,1
437,Harper Perez,Arjun Perez,78.85203322309555,35,46.8124385395772,4.0,0,1,1,0,0,0,56.59,0
438,Riaan Lee,Elizabeth Lee,84.88781380367148,25,95.05258057922468,10.0,0,0,1,0,0,0,84.85,1
439,Ananya Singh,Mia Singh,50.304437411991955,10,86.66867466750705,7.0,0,0,0,0,0,0,51.62,0
440,Amelia Lee,William Lee,55.04705999887607,7,89.34034668741086,5.0,1,0,1,0,0,0,42.53,0
441,Aditya Davis,Mason Davis,93.44721261395725,39,94.16582727787053,7.0,1,0,1,0,0,0,97.39,1
442,Emma Torres,Elijah Torres,84.08743220450806,21,71.49399920355029,8.0,0,0,1,0,0,0,80.34,1
443,Isha Anderson,William Anderson,55.646582134300566,19,67.07159148704342,6.0,0,0,1,1,1,0,47.84,0
444,Daniel Moore,Ella Moore,92.10372186992896,7,59.82348841993699,4.0,1,0,1,0,0,0,62.76,1
445,Michael Garcia,Lucas Garcia,62.11156089122834,28,75.35287686087133,8.0,1,1,1,2,0,0,71.77,1
446,Jackson Flores,William Flores,73.91299420976117,39,67.25670380738936,8.0,0,0,1,1,0,0,87.89,1
447,Elijah Nguyen,Alexander Nguyen,57.25982564423302,25,67.09393519633451,5.0,0,0,1,2,0,0,41.62,0
448,Camila Allen,Aditi Allen,85.50550282108533,29,96.21567182386833,6.0,0,1,1,0,0,1,80.69,1
449,Noah Perez,Diya Perez,83.3427210507134,16,99.04189085674781,6.0,0,1,1,0,0,0,78.07,1
450,Michael Green,Benjamin Green,60.555623558306806,19,87.78906335977484,9.0,1,2,1,2,0,0,60.98,1
451,Noah Allen,Benjamin Allen,93.17003834285009,15,85.4054854148157,10.0,0,0,1,2,0,0,75.71,1
452,Mila Moore,Mila Moore,70.06530121098561,6,80.8334897067461,4.0,0,0,1,2,1,0,40.87,0
453,Lucas Brown,Aditya Brown,64.62575455353709,15,49.96449114001082,10.0,1,0,1,1,0,1,54.6,0
454,Noah Patel,Aditya Patel,57.616479473226775,26,43.54634925253927,5.0,1,0,1,0,0,0,37.48,0
455,Ethan Rodriguez,Sofia Rodriguez,63.30840062577687,22,81.44357890679578,4.0,1,2,1,2,0,0,47.33,0
456,Ethan Clark,Jackson Clark,51.10134606119085,23,83.72717333539455,9.0,1,1,1,0,0,0,51.86,0
457,Evelyn Miller,Ananya Miller,79.16287462280579,8,42.818379465888384,7.0,1,1,1,2,1,0,60.02,1
458,Emma Clark,Avery Clark,92.11153731719739,34,95.68310501373088,8.0,0,0,1,0,0,0,100.0,1
459,Jackson Allen,Sofia Allen,77.44902247208209,19,45.46843836668065,4.0,0,0,1,1,0,0,45.51,0
460,Daniel Martin,Emily Martin,60.96369809619379,36,57.15403202627215,10.0,0,0,1,0,0,0,68.32,1
461,Elizabeth Brown,Daniel Brown,,16,80.34338876792228,8.0,1,2,1,2,0,0,61.07,1
462,Liam Taylor,Henry Taylor,60.73140366294014,30,50.192355664268575,5.0,0,2,1,0,0,0,43.38,0
463,Alexander Rodriguez,Sofia Rodriguez,70.80607140355461,7,43.32495330653467,,1,1,1,1,0,0,43.34,0
464,Aditya Lopez,Avery Lopez,87.98057143498983,14,59.86878934984899,7.0,0,0,1,1,0,0,74.96,1
465,Noah Sanchez,Ella Sanchez,59.392142626888706,30,85.95829449131074,5.0,0,0,1,0,0,0,51.4,0
466,Henry Smith,Diya Smith,85.98957266773431,29,64.82072073911561,7.0,1,0,1,2,0,0,80.19,1
467,Mia Rodriguez,Abigail Rodriguez,93.34667341759419,19,79.17837531447637,7.0,1,0,1,1,0,0,80.65,1
468,Ava Perez,Alexander Perez,72.69734240541786,38,74.7771458336882,8.0,0,2,1,1,0,0,90.12,1
469,Isha Flores,Harper Flores,91.07159958212966,11,41.33310892153482,5.0,0,1,1,0,1,0,49.8,0
470,Olivia Brown,Oliver Brown,77.73286740175479,16,99.3123992227424,5.0,0,1,1,1,0,0,63.52,1
471,Logan Patel,Diya Patel,81.85454185404525,29,42.48568532916327,4.0,0,2,1,1,0,0,53.78,0
472,Elijah Taylor,Avery Taylor,,28,98.06816425890909,10.0,0,0,1,2,0,0,77.19,1
473,Mila Taylor,Harper Taylor,73.15863583756709,18,,5.0,1,1,1,2,0,0,49.69,0
474,James Sharma,Olivia Sharma,61.73267208879247,10,97.789541623904,4.0,1,1,1,2,0,0,44.84,0
475,Logan Hernandez,Liam Hernandez,65.1597029730523,33,46.885215964830124,6.0,1,2,1,0,1,1,55.53,0
476,Henry Allen,Abigail Allen,64.49850594718045,6,69.42451115113079,6.0,1,0,1,1,1,1,44.48,0
477,Arjun Young,Lucas Young,78.16444654769074,33,50.170245511963515,6.0,0,1,1,0,0,0,67.75,1
478,Isabella Hill,Henry Hill,55.9976846511945,19,43.058492621346545,9.0,0,0,0,1,0,0,37.37,0
479,Emma Lewis,Mia Lewis,95.83958453511676,37,77.05174690373869,5.0,1,1,1,1,0,0,75.86,1
480,Noah Davis,Lucas Davis,86.03275726415566,23,52.46700525770149,9.0,0,2,1,1,0,0,62.25,1
481,Olivia Jackson,Sophia Jackson,70.07228154565968,9,75.26182109725275,10.0,1,0,1,2,1,0,54.06,0
482,Sophia Flores,Mason Flores,57.9312072263189,31,46.74186891693914,5.0,0,2,1,0,0,0,46.26,0
483,Liam Singh,Sofia Singh,94.09960848608179,14,59.919188285962164,4.0,0,1,1,0,0,0,65.27,1
484,Jackson Smith,Olivia Smith,91.18890450505826,36,86.89795348319484,9.0,0,2,1,1,0,0,84.27,1
485,Amelia Sharma,Aarav Sharma,86.08607763585897,19,66.22309131053126,9.0,1,2,1,0,0,1,64.51,1
486,Avery Miller,Isabella Miller,63.57735237056212,2,77.66472489384017,10.0,1,2,1,2,1,0,43.77,0
487,Ananya Miller,Lucas Miller,70.12233187168344,36,78.84747644473276,9.0,1,1,0,0,0,0,68.93,1
488,Arjun Lopez,Logan Lopez,55.13741262262117,39,90.62530263923762,7.0,1,0,1,1,0,0,79.49,1
489,Evelyn King,Isha King,59.45197623637659,7,59.49536766439848,4.0,0,2,1,2,0,0,29.41,0
490,Ella Sanchez,Lucas Sanchez,89.15083186583664,39,81.23773375495105,6.0,0,0,1,2,1,0,73.34,1
491,Elizabeth Williams,Charlotte Williams,85.75193594253419,22,97.69694842276994,4.0,0,1,1,1,1,1,63.37,1
492,Riaan Hernandez,Avery Hernandez,79.67428814879673,39,83.81460006147208,7.0,0,0,1,0,0,0,93.35,1
493,Arjun Miller,Isha Miller,94.78633629630863,10,69.39222860306467,10.0,1,2,1,1,0,0,66.58,1
494,Michael Martinez,Jacob Martinez,79.16332589065227,7,77.84304666951576,10.0,0,2,1,0,0,0,65.75,1
495,Ella Walker,Daniel Walker,73.34839999818054,28,84.38097386578649,5.0,0,2,1,0,0,0,62.78,1
496,Aarav Scott,Ananya Scott,67.01853731528814,29,76.73654594163234,4.0,0,2,1,2,0,0,61.92,1
497,Harper Harris,Ella Harris,97.02242528680863,9,41.00054880939035,10.0,1,2,1,1,0,0,59.8,0
498,Ava Rodriguez,Arjun Rodriguez,54.135773076217674,38,51.68640986123355,9.0,1,2,1,2,0,0,48.56,0
499,Camila Allen,Lucas Allen,96.54436860304043,27,88.62809303292796,10.0,1,1,1,1,0,0,88.41,1
500,Oliver Sanchez,Logan Sanchez,91.33573299655092,35,56.35903883874908,10.0,0,1,1,1,1,0,73.33,1
501,Ella Gupta,Aditya Gupta,56.49649622678506,12,83.89372717366803,,1,1,1,2,0,0,53.88,0
502,Avery Williams,Michael Williams,78.24921788376268,31,62.32721291450192,10.0,0,0,1,1,0,1,64.96,1
503,Elijah Hernandez,Charlotte Hernandez,93.32739908745435,35,71.31305968947659,6.0,0,0,1,1,0,0,85.99,1
504,Logan Patel,Jackson Patel,78.59045818035769,36,44.07839798916422,6.0,0,1,1,0,0,0,63.84,1
505,Riya Green,Ella Green,95.35999107803111,25,50.873533662982574,5.0,1,0,1,1,0,0,63.79,1
506,Sebastian Lee,Camila Lee,97.14919084080213,21,97.43181781115408,10.0,1,0,1,1,1,1,79.18,1
507,Charlotte Scott,Emily Scott,71.11922610921529,3,,4.0,0,2,1,2,0,0,51.61,0
508,Ava Wright,Emily Wright,68.86568307031618,30,79.13650665394302,7.0,0,2,1,2,1,0,68.28,1
509,Jackson Hernandez,Henry Hernandez,96.81605769845784,17,67.57867584314424,5.0,1,0,1,1,0,0,66.86,1
510,Jacob King,Sebastian King,,37,80.54567757371342,4.0,1,0,1,0,0,0,73.55,1
511,Mila Jackson,Lucas Jackson,55.80113406740846,23,77.11661734563634,10.0,1,1,1,0,0,0,56.58,0
512,Mia Lewis,Sebastian Lewis,52.11458746113406,22,74.11313533627673,8.0,0,0,1,2,0,0,69.08,1
513,Riya Wilson,Isabella Wilson,78.23145254986315,21,43.55062431181251,10.0,0,2,1,1,0,0,59.33,0
514,Mila Smith,Camila Smith,96.50854827192123,1,77.96815663969042,6.0,0,0,1,1,1,0,68.47,1
515,Oliver Scott,Ananya Scott,92.21243512029092,30,86.1352026742701,7.0,1,1,1,0,1,1,89.54,1
516,Jackson Wright,William Wright,83.79238732321681,10,99.64489927873453,9.0,1,2,1,0,1,0,71.49,1
517,Noah Brown,Camila Brown,56.955792444554376,27,40.66471315565858,7.0,1,2,1,0,1,0,46.74,0
518,Emma Jones,Aarav Jones,62.711569187434776,31,83.8104071986406,9.0,0,2,1,2,1,0,61.4,1
519,Ava Nguyen,Liam Nguyen,93.77556132763081,4,74.30735895615882,7.0,0,2,1,1,0,0,74.05,1
520,Mia Harris,Emily Harris,59.140361832845024,37,66.0431305648574,6.0,1,0,1,2,0,0,62.36,1
521,Mila Sanchez,Mila Sanchez,63.92197041252173,9,47.65421047428225,9.0,0,1,1,1,0,0,46.69,0
522,Sofia Thompson,Sophia Thompson,56.4800325597721,39,,4.0,1,0,1,2,0,0,53.98,0
523,Daniel Harris,Jackson Harris,83.80541157072057,23,61.26263097916812,9.0,0,0,1,1,1,0,65.12,1
524,Henry Lewis,Lucas Lewis,97.19911526816048,34,58.16979333872453,5.0,1,2,1,0,0,0,69.42,1
525,Avery Thompson,Alexander Thompson,63.448401579769296,22,83.85277739933247,4.0,0,1,1,0,0,0,49.21,0
526,Mila Patel,Arjun Patel,73.77033039250368,16,82.04353127705582,5.0,0,2,1,0,1,0,40.51,0
527,Harper Smith,Michael Smith,81.71698698556021,0,75.34120545885469,10.0,1,0,1,2,0,0,59.91,0
528,Sophia Williams,Ava Williams,99.97331241078153,30,96.31988879760235,7.0,1,0,1,0,0,0,100.0,1
529,Sophia Lewis,Harper Lewis,55.240403249878604,30,,4.0,1,2,1,1,1,0,39.88,0
530,Henry Singh,Ava Singh,74.92853997528546,33,54.628116262610774,7.0,1,0,1,2,1,0,70.51,1
531,Elizabeth Young,Mia Young,69.25600599512501,8,79.35419878590398,10.0,1,0,1,1,0,0,57.93,0
532,Isha Martin,Ananya Martin,93.29100826111775,21,51.928843656244176,8.0,0,2,1,2,1,0,73.5,1
533,Mia Harris,Mason Harris,73.79838655058279,12,58.900630431005474,7.0,1,0,1,1,1,0,61.73,1
534,Ava Williams,Evelyn Williams,55.5488762292574,24,53.47614640449309,10.0,1,1,1,1,1,1,42.75,0
535,Emily Patel,Isha Patel,81.72120726432918,17,44.14921406311007,7.0,1,2,1,2,1,0,60.18,1
536,James Green,Elijah Green,88.53903091319398,11,89.6499244981404,10.0,0,1,1,2,0,0,73.22,1
537,Liam Thompson,Olivia Thompson,50.14406258328073,39,55.272432575299675,5.0,1,0,1,0,0,0,43.78,0
538,Elizabeth Young,Jacob Young,92.94783427103147,16,68.38165020058125,10.0,1,0,1,0,0,0,79.78,1
539,Daniel Perez,Riaan Perez,59.30115000028328,14,42.59891639525872,9.0,1,2,1,1,0,0,40.14,0
540,Aria Thompson,Aarav Thompson,77.60346823266889,14,81.96036797515859,8.0,0,0,1,1,0,0,75.51,1
541,Olivia Taylor,Mason Taylor,70.7898750343725,14,59.833660138377454,,0,2,1,1,0,0,64.4,1
542,Arjun Davis,Avery Davis,85.98269083052652,38,84.6842036697526,10.0,1,2,1,2,0,0,82.2,1
543,Jackson King,Ava King,68.55808073928709,12,64.74418362807197,10.0,0,2,0,2,0,1,56.61,0
544,Noah Garcia,Isabella Garcia,93.48815883408554,16,51.74533638433748,7.0,1,2,1,0,0,0,86.57,1
545,Mason Perez,Ava Perez,86.5248180479395,31,70.79050493692216,8.0,0,2,0,1,1,0,80.37,1
546,Aditi Hill,Mason Hill,82.38565855314607,8,47.83027357824639,8.0,1,1,1,0,0,0,67.84,1
547,James Perez,Aria Perez,89.81202977814272,39,66.43234959237968,10.0,0,2,1,2,0,1,73.67,1
548,Isabella Scott,Aarav Scott,87.70115174641911,19,59.03832864522919,4.0,1,1,1,2,0,0,56.26,0
549,Charlotte Lee,Isha Lee,51.79693374607767,25,94.71757505197799,5.0,1,0,1,2,0,0,56.21,0
550,Mila Scott,Evelyn Scott,69.7367176922414,26,43.6557233032432,8.0,0,2,1,0,1,0,60.72,1
551,Aria Martinez,Ella Martinez,96.5403648658245,20,81.64104484634453,8.0,1,0,1,2,0,0,92.43,1
552,Riaan Young,Evelyn Young,56.28621344961131,17,50.96506995924615,6.0,1,2,1,1,0,0,43.07,0
553,Aditya Williams,Ananya Williams,86.85482752160256,12,59.14270445993439,9.0,1,1,1,0,0,0,64.89,1
554,Avery Garcia,Olivia Garcia,98.72959056676649,15,64.93084378372396,8.0,1,1,1,2,0,0,90.75,1
555,Sebastian White,Amelia White,52.60993145224858,8,94.48090536249845,5.0,0,1,1,0,0,1,37.27,0
556,Elizabeth Miller,Lucas Miller,84.10969403133052,11,54.55469596442951,9.0,1,0,1,0,0,0,69.08,1
557,Emily Hernandez,Jackson Hernandez,73.40770706505151,37,45.47852815268021,9.0,0,2,1,2,0,1,58.0,0
558,Jackson Torres,Elizabeth Torres,78.95876276873611,18,59.12137623943141,7.0,0,0,0,2,1,1,65.17,1
559,Harper Rodriguez,Aditi Rodriguez,54.26706682421624,6,46.280558232132,7.0,0,1,1,0,0,0,44.1,0
560,Mason Sharma,Daniel Sharma,52.15034759334697,34,47.715789157633154,7.0,0,0,1,0,0,0,59.52,0
561,Aditi Allen,Arjun Allen,83.3433330275461,17,74.4310358785016,,1,1,1,2,0,0,75.44,1
562,Lucas Perez,Mia Perez,91.1654714910359,15,43.6541159859696,6.0,1,1,1,1,0,0,59.6,0
563,Aditi Young,Elijah Young,89.10076674664836,38,41.85585288361396,8.0,0,1,1,0,0,0,78.27,1
564,Mason Sharma,Diya Sharma,77.19028639331187,3,82.86484608822987,7.0,1,2,1,0,0,0,73.25,1
565,Jackson Lopez,Alexander Lopez,,24,61.69882569046267,10.0,0,2,1,1,1,0,45.55,0
566,Lucas Miller,Aria Miller,84.40222219180069,31,47.522520954032395,4.0,1,1,1,2,0,0,56.4,0
567,William Davis,Olivia Davis,62.094444177707295,39,55.2167662515825,7.0,1,0,1,2,1,0,67.45,1
568,Logan Torres,Olivia Torres,95.55343513836918,12,78.52519044114393,8.0,1,0,1,1,0,1,78.91,1
569,Ella Lee,Ethan Lee,91.91326797728524,16,56.53219402845107,7.0,0,2,0,2,1,0,74.33,1
570,Logan Rodriguez,Jacob Rodriguez,85.46914835436954,36,69.67126750722447,6.0,0,1,0,2,0,1,77.81,1
571,Henry Smith,Ava Smith,97.44229779155651,5,47.30171840360033,5.0,1,0,1,0,1,0,47.9,0
572,Diya Anderson,Sophia Anderson,51.57109107556364,18,75.28561825632681,5.0,0,1,1,0,0,0,42.61,0
573,Abigail Robinson,Henry Robinson,86.8100212530381,12,58.96466103059585,8.0,0,0,1,0,1,0,75.35,1
574,Abigail Wilson,Jacob Wilson,66.51213896682026,25,77.61810607172299,10.0,1,2,1,1,1,0,59.98,0
575,Aria Flores,Alexander Flores,95.30329428431827,13,,5.0,0,1,1,2,0,0,67.43,1
576,Evelyn Lee,Ananya Lee,,30,76.69878516339955,5.0,1,1,0,2,0,0,49.28,0
577,Diya Brown,Elizabeth Brown,,3,57.74485375570124,4.0,1,0,1,0,1,0,34.01,0
578,Evelyn Lewis,Ava Lewis,93.88235098253907,38,55.34462209289802,8.0,1,0,0,0,0,0,90.44,1
579,Emily Hill,Jackson Hill,52.08284091913412,7,59.64525752400688,10.0,0,0,1,1,0,0,35.6,0
580,Harper Perez,Riya Perez,69.88237897960181,24,49.87723079419029,8.0,1,1,1,2,1,0,51.73,0
581,Alexander Gupta,William Gupta,88.11545160109694,12,50.8703110510012,5.0,1,2,1,1,0,0,50.73,0
582,Diya Wilson,Liam Wilson,72.74594447537936,31,87.44146611401007,5.0,0,2,1,2,0,0,64.34,1
583,Amelia Torres,Mia Torres,63.362631489679764,37,63.083954590446695,5.0,0,0,1,1,0,1,56.42,0
584,Amelia Moore,Emma Moore,60.9902674411595,37,66.15971083423514,9.0,0,2,1,0,1,0,62.19,1
585,Alexander Scott,Daniel Scott,56.5759133458189,27,75.64296793400867,6.0,0,0,1,1,0,1,61.64,1
586,Diya Sharma,Aditya Sharma,92.85647799281412,29,75.37920970909286,7.0,1,2,0,1,0,0,94.44,1
587,Jacob Singh,Oliver Singh,78.7677701625778,2,44.04261229131554,,0,1,1,0,0,0,43.6,0
588,Ethan Jackson,Camila Jackson,53.8192472495728,27,89.89244718025994,8.0,0,0,1,2,1,0,65.16,1
589,Elijah Ramirez,Camila Ramirez,69.12901617853177,2,50.63959319343637,4.0,0,2,1,2,0,0,37.99,0
590,Ethan Harris,Riya Harris,68.38668254025549,33,83.38429816298013,7.0,0,1,0,0,0,0,80.73,1
591,Isha Harris,Sophia Harris,59.08695953547315,15,86.36025928769,4.0,1,2,1,1,0,0,46.24,0
592,Ethan Gonzalez,Lucas Gonzalez,71.77538127360953,21,82.89397204547882,10.0,0,1,1,1,1,0,61.55,1
593,Jackson Thomas,Daniel Thomas,66.60496826965682,31,74.7386587932487,9.0,1,1,1,1,1,0,61.87,1
594,Charlotte Sharma,James Sharma,67.09018527460913,37,40.87653982653297,8.0,0,2,0,2,0,0,68.71,1
595,Oliver Smith,Abigail Smith,86.95132788939793,7,61.62252954179024,9.0,1,2,1,1,0,0,58.77,0
596,Alexander Sanchez,Jackson Sanchez,61.16316927525982,7,76.29036576175487,8.0,1,1,1,2,1,0,49.27,0
597,Henry Patel,Liam Patel,82.09299794276777,5,63.24707775535232,,0,1,1,1,0,0,47.91,0
598,Aarav Garcia,Isabella Garcia,78.53248119404674,13,91.80879369476878,4.0,1,1,1,0,0,0,59.39,0
599,Emily Wright,Jacob Wright,78.40462561689336,31,58.52813652097692,4.0,0,0,1,0,1,1,53.29,0
600,Emma Ramirez,Elizabeth Ramirez,83.1503673070888,34,,8.0,1,1,1,2,1,0,80.99,1
601,Sophia Davis,Benjamin Davis,77.4191018097827,9,55.95986158555948,5.0,1,0,1,2,0,0,50.26,0
602,Elijah Robinson,Jacob Robinson,93.96275574231923,2,59.966852137647734,4.0,1,1,1,0,0,1,52.95,0
603,Mila Jackson,Jacob Jackson,,11,73.44429785885123,9.0,0,0,1,0,0,0,65.41,1
604,Alexander Ramirez,Michael Ramirez,77.3481625685694,30,82.42091765635544,10.0,1,1,0,1,0,0,76.43,1
605,Diya Harris,Arjun Harris,91.48815601438224,28,79.75407506432711,7.0,0,1,1,0,1,0,87.53,1
606,Ava Sharma,Sophia Sharma,80.30732824667399,4,88.46306919888877,8.0,1,1,1,2,1,0,67.95,1
607,Emma Martin,Mia Martin,64.55721238925895,24,93.15483972984549,9.0,1,2,1,0,1,0,64.32,1
608,Mason Garcia,Ananya Garcia,60.35474590882856,30,88.96474254060108,6.0,1,2,1,2,0,0,65.32,1
609,Avery Johnson,Jackson Johnson,57.61638928313394,20,41.136724202461274,10.0,1,1,1,2,0,0,44.41,0
610,Mila White,Charlotte White,94.97276062730508,19,84.15507721311933,6.0,1,0,1,1,0,0,81.46,1
611,Ava Robinson,William Robinson,85.50677158990328,38,52.5039744170999,7.0,1,0,1,1,0,1,82.85,1
612,Ella Ramirez,Riya Ramirez,96.86892190821604,21,47.97568256247896,5.0,0,1,1,1,1,0,56.39,0
613,Evelyn Hernandez,Jackson Hernandez,80.16459028574715,3,78.30932708794813,4.0,0,2,1,1,0,0,52.28,0
614,Jacob Hill,Oliver Hill,73.67004407474563,12,59.1845917244617,8.0,0,0,1,0,0,0,69.23,1
615,Benjamin Patel,Riya Patel,52.98582444854446,19,43.4270298022266,9.0,1,2,1,1,0,0,45.31,0
616,Avery Gupta,Harper Gupta,83.5821140773015,12,48.25778406390168,4.0,0,0,1,0,1,0,44.69,0
617,Oliver Clark,Ethan Clark,79.11043798841156,16,40.05576501219766,9.0,1,1,0,1,1,0,40.05,0
618,Charlotte Jones,Amelia Jones,99.51044467938107,35,94.19341764068244,8.0,0,2,1,1,1,0,99.44,1
619,Sophia Jones,Lucas Jones,61.95793888911215,32,41.477079030474314,6.0,0,0,1,2,0,0,55.21,0
620,Mila Jackson,Riaan Jackson,76.53686776434179,0,52.567346170570666,4.0,1,1,1,0,0,0,42.1,0
621,Lucas Thomas,Jacob Thomas,82.54786675590364,14,64.97576684127444,7.0,1,1,1,2,0,0,70.2,1
622,Elijah Young,Aditi Young,82.22955873711717,12,61.394279557049146,5.0,0,1,0,1,0,0,43.27,0
623,Emily Anderson,Lucas Anderson,78.06467714742013,16,94.70355261476655,7.0,0,2,1,0,0,0,84.47,1
624,Liam Sharma,Ella Sharma,88.84640051636127,23,42.41733674407253,5.0,0,2,1,1,0,1,50.63,0
625,Olivia Taylor,Jacob Taylor,60.24906047634082,7,70.7328824606231,10.0,0,1,1,2,0,0,53.76,0
626,Arjun Nguyen,Ethan Nguyen,86.28136001372079,26,80.82876775146244,,1,2,1,0,0,0,74.7,1
627,Liam Johnson,Sofia Johnson,80.98672857165445,22,95.90187842087013,4.0,0,0,0,2,0,0,62.25,1
628,Mason Martinez,James Martinez,94.80375558972867,7,77.22227512742326,4.0,1,1,1,1,0,0,62.95,1
629,Amelia Williams,Camila Williams,92.35972195167909,7,,10.0,1,1,0,1,0,0,75.85,1
630,Avery King,Charlotte King,65.75735195662766,25,45.023496270720905,5.0,0,2,1,1,0,0,45.69,0
631,Ethan Miller,Lucas Miller,63.81186624875765,12,63.15637065621564,6.0,1,1,1,0,0,0,53.24,0
632,Michael Flores,Isabella Flores,,38,,8.0,0,0,1,2,0,0,92.35,1
633,Ella Moore,Lucas Moore,76.36325904576283,36,93.17729298734307,7.0,1,2,1,2,1,0,78.66,1
634,Riaan Martin,Ava Martin,95.32104819572184,27,49.082270275796496,10.0,1,2,1,1,1,0,66.86,1
635,Ananya Davis,Aditi Davis,58.19405118902411,24,49.11317034019781,9.0,0,1,1,2,0,1,45.07,0
636,Ethan Jackson,Jackson Jackson,82.1409457400087,15,59.713488993147905,10.0,1,1,1,0,0,0,64.43,1
637,Jacob Wilson,Aditi Wilson,90.4930093680293,1,43.267962842010256,7.0,1,1,0,1,0,0,69.27,1
638,Ananya Hernandez,Diya Hernandez,97.36976247932233,17,50.947482439149404,7.0,0,2,1,1,1,0,75.9,1
639,William Scott,Mason Scott,66.86700705085117,16,97.9125783127441,9.0,1,1,1,1,1,0,60.49,1
640,Liam Green,Riaan Green,86.24905849620262,29,65.69103639203037,9.0,1,0,1,0,0,0,72.72,1
641,Riya Wright,Jacob Wright,76.94065045198096,38,77.92115250534619,4.0,0,1,1,1,0,0,70.46,1
642,William Moore,Arjun Moore,53.031446303323406,12,83.56667556067822,,0,1,1,1,0,0,53.57,0
643,Aria Patel,Harper Patel,84.49998686544717,31,62.01768442043203,8.0,1,2,1,1,0,1,77.98,1
644,Logan Harris,Harper Harris,84.50482791189216,28,48.833624464631015,8.0,1,1,1,1,0,0,84.66,1
645,Isha Robinson,Aria Robinson,96.53034024232684,29,52.39486097330685,5.0,1,2,1,2,0,1,61.12,1
646,Mason Allen,Riya Allen,74.86562230844862,17,58.79598859483662,10.0,0,1,1,1,0,0,61.18,1
647,Arjun Brown,Harper Brown,61.51254603552573,12,78.16410522113354,9.0,1,0,1,0,0,0,57.3,0
648,Charlotte Gupta,Alexander Gupta,52.22819117243396,20,63.89683294534326,4.0,1,0,1,1,1,0,25.8,0
649,Sebastian Young,Emily Young,70.78210933429528,29,40.40888187400769,8.0,1,2,0,1,1,0,55.15,0
650,Camila King,Isabella King,65.0958350038751,20,71.40443110404831,6.0,1,2,1,2,0,0,63.54,1
651,Michael Wilson,Charlotte Wilson,88.05441530119379,16,95.29080351444507,4.0,1,1,1,1,0,0,63.53,1
652,Avery Lee,Liam Lee,67.71338824205233,39,88.72465666052074,4.0,1,1,1,2,0,0,60.96,1
653,Henry Martinez,Emily Martinez,97.4535598157422,18,89.51268227557787,8.0,0,0,1,0,0,0,90.24,1
654,Mason Nguyen,Lucas Nguyen,,14,87.70348105636788,6.0,0,1,1,2,0,1,76.3,1
655,Harper Gupta,Mia Gupta,81.0454295108854,8,59.42384953662542,5.0,1,0,1,1,0,0,50.56,0
656,Abigail Clark,Abigail Clark,96.43301435074414,9,85.91163002526352,8.0,1,2,1,0,1,1,76.41,1
657,Noah Thompson,Elizabeth Thompson,88.04271722572477,30,48.58968146867158,6.0,0,1,1,1,0,0,62.54,1
658,Jackson Robinson,Mia Robinson,77.34298204875631,22,79.46296883655721,4.0,0,2,1,2,0,1,63.87,1
659,James Green,Mason Green,,29,78.49411400109966,6.0,0,1,1,0,0,0,56.93,0
660,Diya Davis,Evelyn Davis,72.92989717569199,32,41.53418794538408,4.0,1,0,1,0,0,0,47.21,0
661,Isha Wilson,Riaan Wilson,78.04372316813088,8,87.2782080154559,10.0,1,2,1,2,0,0,68.33,1
662,Logan Gupta,Isabella Gupta,93.1980790367505,0,94.19488630570783,8.0,1,2,1,2,1,0,77.46,1
663,Alexander Smith,Harper Smith,74.06666882678324,34,56.04491670832646,9.0,1,1,1,0,1,0,65.7,1
664,Aria Sharma,Aria Sharma,94.88373363389783,10,88.74344345116904,8.0,0,2,0,0,0,0,89.93,1
665,Daniel Perez,Avery Perez,83.71744895117345,33,44.94435831171689,10.0,0,0,1,2,0,0,66.4,1
666,Emily Gupta,Mila Gupta,56.84995315268357,15,75.99807149566396,7.0,0,2,1,1,1,0,61.5,1
667,Arjun Scott,Emma Scott,99.74906846625464,8,69.13881192005663,7.0,0,2,1,0,0,0,83.26,1
668,Arjun Young,Elijah Young,76.36163303769564,31,72.75541199854,7.0,1,1,1,2,1,0,73.75,1
669,Sofia Scott,Mason Scott,69.59291482045394,14,95.5723121130607,8.0,1,2,1,1,0,0,76.59,1
670,Ella Robinson,Emily Robinson,82.95568822347633,11,92.27891483481122,5.0,0,1,1,0,0,1,55.72,0
671,Evelyn Moore,Ethan Moore,55.44466569905195,32,87.10501943438543,8.0,0,1,1,0,0,0,76.73,1
672,Olivia Lewis,Sofia Lewis,81.82693233766771,13,56.42190746070226,10.0,0,2,1,2,0,0,63.34,1
673,Daniel Taylor,Riaan Taylor,74.91180002496364,7,94.7091177211655,10.0,0,0,1,1,1,1,60.34,1
674,Elijah Walker,Riya Walker,70.33370349992916,7,45.850461547832516,9.0,0,1,1,0,0,0,39.78,0
675,Aria Wilson,Avery Wilson,97.65100105894496,26,91.19975299352727,6.0,1,2,1,1,0,0,91.57,1
676,Isha Hill,Ava Hill,76.12698583660266,11,59.689604341216466,8.0,1,1,1,1,0,0,68.83,1
677,Michael Miller,Sebastian Miller,60.95587397349692,0,43.226338699719,8.0,0,0,1,0,1,0,42.45,0
678,Logan Smith,Benjamin Smith,72.94817396886494,39,80.1614190544449,4.0,0,0,1,1,0,0,64.59,1
679,William Miller,Ava Miller,,10,53.876795698957324,10.0,0,1,1,0,1,0,59.6,0
680,Jackson Wilson,Aarav Wilson,58.80477356652973,38,54.614267551877916,4.0,1,0,1,1,0,0,47.29,0
681,Aarav Lee,Riaan Lee,60.697851934411844,30,58.36282997372629,4.0,1,2,1,0,0,0,50.0,0
682,Aria Scott,Olivia Scott,50.65147838785419,16,43.821086050151,8.0,1,2,1,2,0,0,47.47,0
683,Sebastian Lee,Emma Lee,50.70950246978836,32,50.62762865189524,5.0,0,1,1,0,0,1,38.52,0
684,Sofia Walker,Aarav Walker,91.46958134792563,31,40.30837765513362,6.0,1,0,1,0,0,0,69.96,1
685,Emma Allen,Aditya Allen,86.6061303421478,28,66.72457126634721,6.0,0,2,0,0,0,1,73.58,1
686,Riaan Flores,Jackson Flores,67.75205282259792,20,45.05532264507828,10.0,1,2,1,1,0,1,49.7,0
687,Ethan King,Ella King,84.91555786137863,20,80.95915630265193,9.0,1,2,1,2,0,0,72.56,1
688,Michael Martinez,Jacob Martinez,69.76029631549851,39,54.137371071498904,10.0,1,1,0,1,0,0,66.97,1
689,Elijah Allen,Sebastian Allen,97.64483979989137,22,96.61444864211063,5.0,0,1,1,1,0,0,72.95,1
690,Riaan Wilson,Michael Wilson,98.35263407130174,5,92.27509764391915,5.0,0,2,1,0,1,0,61.53,1
691,Sophia Martinez,Aria Martinez,69.63968879046718,21,57.3664536980925,6.0,1,2,1,1,0,0,65.22,1
692,Benjamin Martin,Riya Martin,92.7110953170434,37,86.99292727940073,7.0,0,0,0,0,1,1,92.97,1
693,Elijah Garcia,Sophia Garcia,88.6544520848733,36,88.19469427988838,4.0,0,0,1,2,0,0,71.93,1
694,Elizabeth Gupta,Lucas Gupta,,7,99.19378684686463,4.0,0,0,1,1,0,0,46.37,0
695,Ananya Jackson,Aditi Jackson,61.6019914450553,34,75.8703992107411,6.0,0,1,1,1,0,0,59.66,0
696,Avery Gonzalez,Sofia Gonzalez,72.91173251964169,10,44.91794407861973,10.0,0,2,1,1,0,0,56.73,0
697,Noah Garcia,Abigail Garcia,89.06744203072031,23,78.81023373558286,5.0,0,1,1,0,0,0,70.62,1
698,Riya Anderson,Abigail Anderson,98.00838923643727,20,77.49878490256211,10.0,0,2,1,0,0,0,74.9,1
699,Riya Martinez,Liam Martinez,88.17895344332862,1,78.30103464522591,9.0,1,0,0,1,0,0,65.75,1
700,Mia Perez,Camila Perez,92.7603492509185,39,58.42873888625269,,0,0,1,1,0,0,95.58,1
701,Camila Green,Isabella Green,80.15321530852583,18,91.58077510481998,6.0,0,0,1,2,1,0,67.4,1
702,Logan Ramirez,William Ramirez,91.7703915421063,38,97.5683309773247,4.0,1,0,1,2,1,0,74.37,1
703,Sophia Gonzalez,Daniel Gonzalez,89.22104290017089,27,53.06275077868909,8.0,1,2,1,2,0,0,89.92,1
704,Diya Wilson,Harper Wilson,68.84927709631401,16,45.28912948819867,10.0,1,0,0,2,0,0,43.27,0
705,Mason Perez,Sebastian Perez,77.59951510603605,5,51.67210199010904,,1,2,1,2,1,0,48.09,0
706,Lucas Moore,Logan Moore,90.23765609948475,18,89.23312835534313,8.0,0,2,1,0,1,0,83.15,1
707,Diya Hernandez,James Hernandez,52.30283670949782,37,80.59867808919086,9.0,1,1,1,2,0,0,67.22,1
708,Mia Jones,Ananya Jones,90.4039641177915,27,78.16284054034759,6.0,1,0,0,2,0,0,74.39,1
709,William Garcia,Oliver Garcia,58.89440620245117,1,64.10758810656547,10.0,0,0,1,1,1,0,35.17,0
710,Mason Harris,Oliver Harris,75.73418085607194,37,74.66967829068614,,0,1,1,0,1,1,55.02,0
711,Charlotte Clark,Michael Clark,90.41377197779688,36,58.47244751646204,10.0,0,2,1,2,0,0,77.39,1
712,Ethan Wright,Amelia Wright,62.69105390783474,3,68.63200476507768,7.0,1,0,1,2,0,0,58.94,0
713,Ella Anderson,Arjun Anderson,62.29037196530765,21,87.58378170223935,8.0,0,2,0,2,1,0,71.42,1
714,Sebastian Wright,Benjamin Wright,70.13821992311259,25,98.87449584732772,7.0,1,1,1,1,1,0,70.4,1
715,Ananya Hernandez,Elizabeth Hernandez,,35,95.9493354153881,9.0,0,2,1,1,1,0,86.75,1
716,Elizabeth Martin,Noah Martin,50.022139071860394,12,96.03195657077492,4.0,0,0,1,1,1,0,41.4,0
717,Ella Flores,Elijah Flores,95.06915483209676,31,64.13342409082674,8.0,1,2,1,2,0,0,94.11,1
718,Isha Robinson,Avery Robinson,57.69035123208039,16,68.12739283040746,9.0,0,2,1,1,1,0,44.29,0
719,Emma Allen,Aditya Allen,99.5043188033741,35,82.3381237821389,7.0,0,0,1,2,0,0,98.19,1
720,Aria Scott,Aditya Scott,97.7423496519234,18,95.33151568307706,7.0,0,0,1,0,1,0,88.88,1
721,Logan Jackson,Amelia Jackson,74.73375947956417,34,48.51965556112508,8.0,0,2,1,2,0,0,75.14,1
722,Riaan Wright,Sophia Wright,75.63601239063141,39,58.254511829631745,4.0,0,2,1,1,1,1,60.57,1
723,Mia Patel,Evelyn Patel,74.07746701379271,27,48.354810675646576,7.0,1,1,1,0,0,0,65.61,1
724,Emily Moore,Ella Moore,81.77218228297613,0,76.72051179756733,6.0,1,0,1,2,0,0,56.93,0
725,Riya Singh,Logan Singh,54.53608511174655,17,58.37805981325225,9.0,0,2,1,0,0,0,41.41,0
726,Charlotte Lewis,Avery Lewis,51.63089741707832,39,59.56647115075441,8.0,1,0,1,0,0,0,68.06,1
727,Benjamin Green,Henry Green,52.88514642079494,32,44.25495756927876,5.0,1,1,1,0,1,0,38.41,0
728,Sebastian Flores,Lucas Flores,72.21826746207572,11,60.98776370845552,5.0,1,2,1,2,1,0,34.44,0
729,Liam Walker,Jackson Walker,63.77739696097417,7,91.74979044409511,4.0,0,2,1,1,0,0,47.65,0
730,Sebastian Robinson,Sofia Robinson,81.10197811854968,23,53.984368713450095,6.0,0,2,1,2,0,0,68.47,1
731,Ethan Singh,Lucas Singh,99.62211446873894,15,81.71124797260394,7.0,0,0,0,1,1,1,87.92,1
732,Isabella Anderson,Sophia Anderson,69.3161586538233,3,77.77770069631556,5.0,1,1,1,2,1,0,42.51,0
733,Jacob Ramirez,Henry Ramirez,78.69206270522567,37,91.80907650214692,4.0,1,0,1,2,1,0,61.5,1
734,Ella Wright,Aditi Wright,70.78019479536678,26,47.937276859062294,9.0,0,2,1,2,1,0,55.93,0
735,Aditi Harris,Aditya Harris,92.36358338609297,8,98.65539762070259,6.0,0,1,1,1,1,0,71.27,1
736,Emily Flores,Isha Flores,95.11182017311191,15,74.95771876242193,6.0,1,2,1,2,0,0,79.34,1
737,Benjamin Flores,Amelia Flores,93.867780610263,11,99.72844914080886,10.0,1,2,1,0,1,0,76.54,1
738,Sophia Sanchez,Ananya Sanchez,98.71861193396288,30,94.69088355195105,4.0,0,0,1,2,0,0,77.38,1
739,Riya Wright,Diya Wright,51.37595925702077,23,53.29103632678635,4.0,1,2,1,0,1,0,32.43,0
740,Amelia Williams,Aditya Williams,91.99080810727655,13,43.36972059419879,10.0,1,1,1,1,1,0,60.98,1
741,Aarav Sanchez,Emily Sanchez,87.58860865195467,24,55.338345627721694,7.0,1,2,1,1,0,0,77.13,1
742,Emma Green,Oliver Green,61.43472047001824,33,,4.0,1,2,1,2,0,0,53.37,0
743,Oliver Sanchez,Emma Sanchez,97.81600466937638,2,50.2957820239114,10.0,1,0,1,2,0,0,57.43,0
744,Aditya Anderson,Evelyn Anderson,57.408896411497274,23,50.047584671079306,7.0,1,1,1,2,0,0,61.16,1
745,Avery Lee,Avery Lee,83.97749635669541,8,67.75561282630919,,1,0,1,0,0,1,72.49,1
746,Aarav Lopez,Benjamin Lopez,61.24451084079563,25,,8.0,0,2,1,1,1,1,58.5,0
747,William Lopez,Aditya Lopez,71.56903243870373,19,47.313284951936225,,0,0,0,0,0,0,56.72,0
748,Evelyn Patel,Evelyn Patel,85.95799484722845,39,64.95168036447686,9.0,1,0,1,0,0,0,76.93,1
749,James Allen,Michael Allen,78.16623210165233,9,43.78779455247799,6.0,1,0,1,2,1,0,44.15,0
750,Avery Hill,Ethan Hill,71.37509156640559,18,63.80530338733176,6.0,1,0,1,2,1,0,49.66,0
751,Noah Wright,Charlotte Wright,66.31692154659936,2,68.4403759569067,,0,2,1,0,0,0,57.29,0
752,Aditi Martin,Elijah Martin,91.98298278543952,23,67.07599684438686,7.0,0,2,1,0,1,0,83.36,1
753,Arjun Singh,Elizabeth Singh,57.19071751574069,4,92.15049144418523,7.0,1,1,1,2,0,0,54.93,0
754,Michael Lee,Elijah Lee,,2,71.80374730310395,4.0,0,0,0,2,0,0,39.3,0
755,Diya Patel,Aditi Patel,95.18787858875712,26,68.0788277486826,8.0,1,0,1,0,0,0,91.97,1
756,Ava Taylor,Elijah Taylor,92.29247752299838,15,64.64255472349997,4.0,1,1,1,2,0,0,65.58,1
757,Emily Green,Harper Green,70.04708812365233,14,89.05740269826917,8.0,1,0,1,2,0,0,69.81,1
758,Aditi Davis,Evelyn Davis,88.15541818006542,34,93.70339623998998,4.0,1,1,1,0,1,0,66.82,1
759,Aria Robinson,Isha Robinson,91.15804153544296,11,91.19454815182705,5.0,1,2,1,0,1,0,66.18,1
760,Logan Torres,James Torres,94.44437120018148,25,80.41279468788345,,1,1,1,1,0,0,80.8,1
761,Emma Brown,Ethan Brown,,33,48.241704758120456,6.0,1,0,1,0,0,0,61.73,1
762,Olivia Williams,Henry Williams,60.22304430273559,22,56.61219816952074,6.0,0,1,1,2,0,0,56.3,0
763,Mason Miller,Elizabeth Miller,62.76545382519658,30,42.76378382091865,9.0,1,2,1,0,1,0,50.5,0
764,Ella Taylor,Daniel Taylor,64.78473370208022,19,95.84944449940684,10.0,0,0,1,0,1,0,63.07,1
765,Sebastian Walker,Elijah Walker,79.69012404048078,11,79.64791178145462,7.0,1,2,1,0,0,0,71.84,1
766,Charlotte Wilson,Isha Wilson,51.64048120643042,22,84.7817730587945,9.0,1,2,1,1,0,0,56.92,0
767,Evelyn Johnson,Daniel Johnson,81.80212343899842,3,58.694304374933736,5.0,0,1,1,1,0,0,51.17,0
768,Jacob Walker,Ethan Walker,68.21771192141159,22,90.73921133664055,9.0,0,2,1,2,0,0,69.72,1
769,Henry Singh,Mila Singh,64.76209012448211,0,55.57619702250871,6.0,1,0,1,1,0,1,47.21,0
770,Riya Miller,Charlotte Miller,93.97482853640632,24,40.09862542674698,7.0,0,2,1,0,0,1,84.03,1
771,Aditya Hernandez,Alexander Hernandez,73.00011977903995,1,62.58489775124164,5.0,1,2,1,1,0,0,42.79,0
772,Avery Robinson,Arjun Robinson,54.75265227663464,29,74.24568885754441,6.0,1,1,1,0,0,1,55.36,0
773,Arjun Torres,Isha Torres,,2,68.72229147793135,10.0,0,2,1,1,0,0,67.93,1
774,Emma White,Mila White,52.38206287182533,20,91.72456855459582,4.0,0,1,1,1,0,0,42.52,0
775,Emily Miller,Ananya Miller,86.33746120840983,24,46.32431715737002,8.0,0,1,1,1,1,0,69.81,1
776,Emma Lee,Noah Lee,88.69531108853326,19,73.22940643802353,5.0,0,0,1,0,1,0,60.04,1
777,Michael Martinez,Aditya Martinez,67.6301302964429,21,,7.0,1,0,1,1,1,0,52.44,0
778,Sebastian Miller,Amelia Miller,91.23939281388934,20,56.88357893032978,9.0,0,0,1,0,1,0,65.82,1
779,Mia Scott,Abigail Scott,75.78297029282267,32,89.33368675462063,10.0,0,0,1,0,0,0,77.47,1
780,Riya Williams,Mia Williams,73.16468266363984,37,85.17091935293237,9.0,0,1,1,2,0,0,71.41,1
781,Arjun Robinson,Noah Robinson,52.27016407343463,14,83.97155123990986,5.0,0,2,1,1,1,0,37.86,0
782,Evelyn Lopez,Oliver Lopez,64.5014596824453,14,92.57154869617337,10.0,0,0,1,2,0,0,62.23,1
783,Henry Garcia,Arjun Garcia,96.550498544265,24,83.36707603729127,7.0,1,0,1,2,0,0,93.08,1
784,Olivia Perez,Sofia Perez,69.591198164175,20,53.91047750288359,5.0,1,0,0,0,0,0,50.69,0
785,Charlotte Brown,William Brown,77.33502602783841,23,82.33376269898147,7.0,0,2,1,1,0,0,84.12,1
786,Avery Singh,Logan Singh,76.6010839492126,4,58.46216880339063,9.0,0,0,1,0,0,0,56.06,0
787,Alexander Williams,Benjamin Williams,,5,54.53047902084823,6.0,1,2,1,0,0,0,50.48,0
788,Isabella Wilson,Olivia Wilson,,22,44.38021557397764,10.0,0,1,1,1,1,0,39.08,0
789,Jackson Green,Sophia Green,68.10881273993641,3,84.6417148208606,4.0,1,1,1,0,0,0,50.5,0
790,Jacob Harris,Emma Harris,86.1564136941277,26,,6.0,1,1,0,1,1,0,71.63,1
791,Emma Scott,Isabella Scott,60.02801255364915,17,54.069968660445625,4.0,0,2,1,1,0,0,44.95,0
792,Michael Scott,Aria Scott,60.178918877318026,20,84.96274100344937,9.0,1,0,1,0,1,0,57.27,0
793,Abigail Singh,Ethan Singh,50.50453033445124,27,95.07045298561317,10.0,0,0,1,0,0,1,67.16,1
794,Isha Lewis,Isha Lewis,71.87409633041048,34,46.48173744949476,6.0,0,0,1,2,0,0,57.8,0
795,Noah Martin,Noah Martin,94.1367190336711,21,53.9581983032065,6.0,1,0,1,0,0,0,70.55,1
796,Elijah Gonzalez,Ananya Gonzalez,52.59504717936545,39,85.01564764523893,5.0,1,0,1,1,0,0,54.32,0
797,Jackson White,Isha White,59.55593547480013,22,56.470400410424695,8.0,0,2,1,2,0,0,64.1,1
798,Mila Torres,Elijah Torres,65.50422691713776,2,77.479838457023,9.0,1,1,1,1,0,0,48.59,0
799,Isabella Hill,Sebastian Hill,86.58623682821064,39,,7.0,0,0,1,2,0,0,76.48,1
800,Isha Lee,Ella Lee,82.03177964012933,9,67.13214874621232,9.0,1,1,1,0,0,0,63.37,1
801,Sebastian Young,Aditi Young,70.79719522909275,24,84.3454853195772,7.0,1,2,1,0,1,0,71.32,1
802,Abigail King,Logan King,,7,81.19083658259515,10.0,0,2,1,0,1,0,61.75,1
803,Diya Williams,Olivia Williams,80.4815505828451,10,88.90432604054841,7.0,0,0,1,1,0,0,75.19,1
804,Aria Green,Emily Green,94.80203998286095,4,92.64712759619013,4.0,0,2,1,2,0,0,65.17,1
805,Elizabeth Jackson,Avery Jackson,90.90133745693464,36,,7.0,1,1,1,1,1,0,87.15,1
806,Sebastian Davis,Amelia Davis,62.64068030446003,37,80.29526457633557,,0,0,1,2,0,0,77.4,1
807,Jacob Hill,Lucas Hill,63.57192888171001,28,41.90334950896187,5.0,0,0,1,0,0,0,39.4,0
808,Ethan Wright,Sophia Wright,56.26782378961928,4,72.09800040456665,6.0,1,1,0,1,0,0,42.95,0
809,Elizabeth Anderson,Olivia Anderson,66.84823628587283,8,42.261863494891166,9.0,1,0,0,0,0,0,46.2,0
810,Daniel Smith,Daniel Smith,99.97719593595471,1,88.48406902696135,9.0,0,0,1,1,0,0,77.64,1
811,Oliver Singh,Noah Singh,70.28755843075305,0,59.24347146759746,10.0,0,1,1,0,0,0,46.72,0
812,Emily Martinez,Logan Martinez,61.024421734455316,39,73.74576244707526,10.0,0,0,1,1,0,0,70.11,1
813,Sofia Smith,Aditya Smith,88.12414422377765,29,56.76671843913415,7.0,0,0,1,1,0,0,78.51,1
814,Jacob Singh,Sofia Singh,77.1235501731328,10,86.95000866281762,8.0,1,1,1,2,1,0,64.28,1
815,Aditi Thompson,Sofia Thompson,57.48007247634763,27,93.19015159851415,9.0,1,2,1,0,0,0,58.6,0
816,Camila Wilson,Ella Wilson,69.03448405804329,11,63.91854965278384,10.0,0,1,1,2,0,0,49.79,0
817,Jackson Clark,Aarav Clark,70.72348577696717,38,91.77534361065935,7.0,0,0,1,2,0,0,81.72,1
818,Michael Martin,Evelyn Martin,87.69148502846093,25,56.02450044737994,10.0,0,1,1,0,0,0,78.01,1
819,Isha Walker,Daniel Walker,51.033568444595225,12,72.07965538453143,4.0,1,0,1,1,0,0,30.04,0
820,Noah Thomas,Noah Thomas,63.45098233991553,7,91.52568579032223,4.0,0,0,1,2,0,0,50.78,0
821,Ethan Jones,Camila Jones,75.8798150657761,27,59.55288055694742,10.0,0,1,1,0,0,0,64.79,1
822,Sophia Torres,Aditi Torres,63.442337122642165,29,97.24253590468516,4.0,1,0,1,1,0,0,60.64,1
823,Jacob Robinson,Riaan Robinson,81.42170237094994,8,47.312770106883015,10.0,1,2,1,2,0,0,51.42,0
824,Alexander Lopez,Elizabeth Lopez,74.09337396373083,38,41.096504183410374,7.0,0,0,1,2,0,0,75.09,1
825,Ethan Allen,Amelia Allen,68.08551274297903,30,94.24812115469143,5.0,0,1,0,2,1,0,53.47,0
826,Emily Moore,Evelyn Moore,97.46043134352561,20,44.11891996887233,8.0,1,2,1,1,0,0,83.4,1
827,Aditya Taylor,Riya Taylor,81.60797495932287,33,99.5133517568495,7.0,0,2,1,2,0,0,97.34,1
828,Jacob Young,Daniel Young,56.49706861339706,30,97.08381171874638,5.0,0,0,1,1,0,0,55.48,0
829,Aditya Thompson,Lucas Thompson,78.00458487216977,24,48.22125460217924,5.0,1,1,1,2,0,0,50.99,0
830,Ananya Martinez,Ethan Martinez,89.03659266004505,11,72.25507754155396,9.0,1,0,1,0,1,0,65.33,1
831,Harper Wilson,Evelyn Wilson,85.42448487463986,0,51.09521784802866,7.0,1,0,1,2,0,0,66.11,1
832,Sophia Sharma,Riaan Sharma,58.60446146476297,21,65.68931038180719,7.0,0,1,0,0,0,0,67.47,1
833,Harper Perez,Sebastian Perez,98.62099995200516,39,43.68550775558996,10.0,1,1,1,0,0,0,83.76,1
834,Charlotte Hernandez,Ethan Hernandez,72.4406822873303,36,53.43547526779537,5.0,1,0,1,0,0,0,55.38,0
835,Emily Martinez,Harper Martinez,57.951250187013066,0,61.796367783933974,5.0,0,2,1,1,0,0,29.4,0
836,Daniel Walker,Alexander Walker,59.009787706407394,0,66.31885001476329,5.0,0,0,1,0,0,0,36.55,0
837,James Jones,Diya Jones,54.91174960945403,20,98.64977549253359,10.0,1,2,1,2,0,0,59.92,0
838,Emily Rodriguez,Ella Rodriguez,90.17590542174672,14,88.47193874103888,9.0,1,0,1,1,1,0,71.1,1
839,Mila Brown,Alexander Brown,,16,84.24459665871677,7.0,0,1,1,0,0,0,67.06,1
840,Mia Ramirez,Oliver Ramirez,56.25626285708735,21,72.22247888451845,5.0,0,2,1,1,0,0,47.82,0
841,Arjun Jackson,Sophia Jackson,92.52358073804189,37,90.3998656362606,4.0,1,1,1,1,1,0,75.18,1
842,Logan Robinson,Benjamin Robinson,,34,60.359370139342666,7.0,1,1,1,1,1,0,66.1,1
843,Aditi Robinson,Benjamin Robinson,51.542895215403625,15,,10.0,0,1,0,2,0,0,58.37,0
844,Emily Patel,Elizabeth Patel,52.59476497592054,7,99.62703852269033,9.0,1,1,1,0,0,0,59.07,0
845,Ananya Walker,Sebastian Walker,57.10852233519478,16,58.87773453611193,4.0,0,1,1,1,1,0,28.86,0
846,Isabella Torres,Riya Torres,60.669667398784476,16,80.44105209303804,10.0,1,0,1,1,0,0,52.89,0
847,Sofia Lopez,Isabella Lopez,83.25730971192027,25,90.65889184914295,6.0,0,2,1,1,0,0,74.51,1
848,Emily Harris,Noah Harris,57.866314000091414,12,94.94845500104034,7.0,0,0,1,0,1,1,65.6,1
849,Arjun Ramirez,Riaan Ramirez,55.9437195588536,16,83.0759614564061,6.0,1,0,1,1,0,0,61.83,1
850,Liam Hernandez,William Hernandez,88.23595707381395,37,57.016475405028174,10.0,1,0,1,1,0,0,74.52,1
851,Amelia Moore,Isha Moore,83.55276419299572,16,59.57692909413679,10.0,0,1,1,2,0,0,64.68,1
852,Arjun Thompson,Daniel Thompson,71.7662110727618,13,41.24548192743785,10.0,1,0,1,0,0,0,46.92,0
853,Emma Wilson,Aria Wilson,77.4654885740052,5,85.65315866029059,5.0,1,2,1,2,1,0,54.48,0
854,Riaan White,Amelia White,65.59920101632092,34,42.56437636371708,9.0,1,0,0,0,0,0,60.43,1
855,Emily Gupta,Charlotte Gupta,74.12502101176804,13,91.87914127616475,5.0,0,1,1,0,1,0,48.24,0
856,Benjamin Allen,Aria Allen,75.3336324491373,7,47.11963686847233,9.0,1,2,1,0,0,1,42.43,0
857,Amelia Brown,Lucas Brown,69.3618635589048,14,50.312590728155456,8.0,1,2,1,2,0,0,65.86,1
858,Elijah Williams,Aditya Williams,95.32861053360813,26,68.59158824993423,5.0,0,2,0,2,0,0,66.48,1
859,Emma Sharma,Mila Sharma,50.803093249050306,12,84.27282491012454,6.0,1,2,1,2,1,0,48.13,0
860,Henry Lopez,Abigail Lopez,89.10856315456232,30,48.34013231194466,9.0,1,0,1,2,1,0,67.14,1
861,Michael Walker,Diya Walker,56.21914156206621,34,66.4042645039899,5.0,0,1,1,1,0,0,41.32,0
862,Riya Martin,Noah Martin,89.87736802685997,5,68.97107646460628,7.0,0,2,1,1,0,0,71.89,1
863,James Anderson,Mia Anderson,80.79559578383606,4,52.73713850011548,10.0,1,2,1,1,0,0,52.88,0
864,Mia Flores,Charlotte Flores,92.16390454682012,21,46.933502600837905,9.0,1,1,1,0,1,0,60.18,1
865,Benjamin Thompson,Jacob Thompson,54.87571628204488,22,90.18525537913837,9.0,0,0,1,1,0,0,59.45,0
866,Ava Lee,Arjun Lee,77.9490317049887,24,70.14793898576593,5.0,0,2,1,0,0,1,59.42,0
867,Ananya Harris,Amelia Harris,75.05439401310986,33,40.86287415904918,8.0,1,0,1,2,0,0,78.95,1
868,Ava Lopez,Evelyn Lopez,85.30965914816792,25,88.17887807854623,5.0,1,0,1,0,0,0,70.03,1
869,Abigail Jones,Mia Jones,76.71452759468379,4,98.84762832487509,6.0,1,0,1,0,0,0,71.65,1
870,Emma Harris,Diya Harris,77.0367283566552,25,76.35557172485484,6.0,0,0,1,1,0,0,67.72,1
871,Riaan Martin,Lucas Martin,71.47979717880324,19,70.22250322504425,9.0,1,2,1,2,1,0,61.12,1
872,Emma Taylor,Sebastian Taylor,65.44172120036704,5,92.70495178269769,9.0,0,2,1,2,0,0,56.05,0
873,Aditi Lopez,Logan Lopez,74.1132180626096,5,97.15100738107591,5.0,0,0,1,1,0,0,50.45,0
874,Riya Sanchez,Riaan Sanchez,55.92461793842003,17,85.27221495414763,6.0,0,0,1,2,0,0,51.8,0
875,Oliver Jones,Oliver Jones,98.07566694915424,3,66.72717578405727,6.0,1,1,1,2,0,0,57.8,0
876,Ananya Flores,Avery Flores,85.72053818132991,16,75.53328395988643,8.0,1,1,1,2,1,0,78.51,1
877,Amelia Young,Lucas Young,97.62335583439234,13,82.05612190107996,7.0,1,1,1,1,0,0,82.53,1
878,William King,Charlotte King,61.33636911649816,13,,8.0,0,2,1,2,0,0,62.43,1
879,Harper Smith,Olivia Smith,93.9670510088264,12,66.83206193298628,4.0,1,1,1,0,0,0,59.73,0
880,Evelyn Garcia,Emma Garcia,90.43949922817691,6,89.7892758830371,10.0,0,2,0,0,0,0,65.98,1
881,Arjun Singh,Mason Singh,83.85762062288367,14,79.28352090990657,8.0,0,2,1,2,0,0,74.63,1
882,Ananya Garcia,Logan Garcia,81.2514593042603,18,64.67224403271125,5.0,0,2,0,1,0,0,55.92,0
883,Lucas Anderson,Avery Anderson,65.8274832633935,34,79.80175204088088,7.0,0,2,1,1,0,0,70.92,1
884,Ethan Anderson,Evelyn Anderson,90.82053924825154,16,47.09334472434759,5.0,0,1,1,1,1,0,51.98,0
885,Aditi Clark,Elijah Clark,75.07577307398668,34,,10.0,0,0,1,2,0,0,63.21,1
886,Henry Ramirez,Riya Ramirez,53.544578794564266,18,87.58771227778338,4.0,1,0,1,2,0,1,42.45,0
887,Arjun Green,Lucas Green,65.6431580427565,19,53.23052722819888,7.0,0,0,0,0,1,0,58.65,0
888,Riya Lewis,James Lewis,96.76485492726638,35,51.15769045344506,9.0,1,1,1,1,0,0,80.78,1
889,Henry Torres,Camila Torres,,34,97.04911959498588,6.0,0,0,1,0,0,0,92.83,1
890,Ava Rodriguez,Mila Rodriguez,99.09528490382695,31,52.593857775173845,8.0,1,1,1,0,0,0,83.51,1
891,Harper Martin,Aditya Martin,81.3996691302049,39,55.655114779010084,5.0,1,1,1,1,0,0,61.8,1
892,Camila Wilson,Sebastian Wilson,62.3755036570206,23,98.17695633426027,4.0,1,1,1,2,0,0,60.75,1
893,James Ramirez,Diya Ramirez,58.14075248384319,16,84.08251421590154,6.0,1,0,1,2,0,0,54.88,0
894,Mia Gonzalez,Harper Gonzalez,59.34572203042308,6,81.97579198141169,8.0,0,0,1,0,1,0,57.38,0
895,Harper White,Mila White,50.98978291736272,0,91.17558303127487,6.0,0,0,0,0,0,0,46.6,0
896,Amelia Lewis,Ananya Lewis,69.53410554929695,34,46.94938493420766,8.0,0,2,1,0,0,0,76.01,1
897,Sophia Scott,Evelyn Scott,59.57138402497712,31,82.35737419480043,9.0,0,1,1,0,0,0,62.09,1
898,Jacob Lewis,Michael Lewis,70.58277302283511,35,70.22131655969433,7.0,1,2,1,1,0,0,73.36,1
899,Liam Lewis,Alexander Lewis,96.74972159193827,12,89.74903841704838,6.0,1,1,1,0,0,0,75.1,1
900,Mila Torres,Aria Torres,71.5270104753595,5,70.48850311991166,6.0,1,0,1,0,0,0,55.32,0
901,Isabella Sanchez,Camila Sanchez,93.89922484924173,13,77.21448125613472,6.0,0,1,1,2,0,1,67.73,1
902,Mila Singh,Sofia Singh,80.27523833079383,36,68.66452758397216,7.0,1,1,0,2,1,0,77.59,1
903,Logan Moore,Harper Moore,62.3565777330696,14,68.68953541335065,4.0,0,2,1,2,0,1,43.32,0
904,Sofia Smith,Ananya Smith,67.79273796296057,3,86.0781986837099,8.0,1,1,1,1,1,0,57.93,0
905,Henry Wright,Michael Wright,54.19597679107147,39,77.713984038837,9.0,1,0,1,1,1,1,59.64,0
906,Logan Lopez,Noah Lopez,66.67312967980052,15,77.99579209656463,6.0,1,1,1,2,0,0,61.8,1
907,Michael Nguyen,Aditi Nguyen,83.8770472751767,27,67.01694902989155,10.0,1,1,1,2,1,0,68.75,1
908,Riaan Scott,Noah Scott,53.60555464647176,15,71.86656978025165,7.0,1,1,1,0,1,0,48.03,0
909,Arjun Johnson,Michael Johnson,60.270070423901466,3,84.74305997228724,4.0,0,2,1,0,0,0,41.4,0
910,Noah Miller,Aarav Miller,69.07205207066558,25,89.5564551467151,8.0,1,1,0,1,1,0,74.44,1
911,Noah Miller,Sophia Miller,99.10247685079813,27,81.79368412864277,7.0,0,1,1,1,0,0,93.98,1
912,Sofia Clark,Lucas Clark,89.243091147944,31,95.44437933074099,9.0,0,2,1,0,0,0,86.93,1
913,Jacob Torres,Olivia Torres,86.6743373246052,1,89.21944528883205,9.0,0,2,1,2,1,0,63.38,1
914,James Garcia,Liam Garcia,55.8095478262723,30,73.71182738857111,8.0,0,2,1,0,0,0,68.24,1
915,Ava White,Harper White,89.04979468074957,2,80.2843643586242,6.0,0,2,1,1,0,1,62.5,1
916,Amelia Jones,Liam Jones,89.26344057580076,7,95.57849661527176,9.0,0,0,1,1,0,0,73.63,1
917,Arjun Taylor,Sophia Taylor,80.05513478121641,23,77.1500826545835,4.0,0,0,1,0,1,1,63.15,1
918,Benjamin Patel,Michael Patel,99.5180890999186,14,89.48841687878985,7.0,0,1,1,0,1,1,84.99,1
919,Noah Moore,Benjamin Moore,66.2626952962276,30,81.32863021539922,4.0,1,0,1,0,0,0,61.35,1
920,Logan Johnson,Sofia Johnson,,8,73.116181663628,6.0,1,1,1,1,1,0,67.33,1
921,Camila Nguyen,Harper Nguyen,95.73655574782518,38,,4.0,0,0,1,2,0,0,67.59,1
922,Oliver Rodriguez,James Rodriguez,50.57403298746889,1,65.5598511681057,4.0,0,2,1,0,0,0,27.33,0
923,Charlotte Martinez,Evelyn Martinez,72.50582632374055,7,98.06456949002293,,0,2,1,1,0,0,54.36,0
924,Mason Martinez,Jackson Martinez,98.85521165257867,6,79.465922996356,4.0,1,0,1,1,1,0,61.77,1
925,Isabella Lee,Henry Lee,55.15606812040379,38,73.86372282033938,8.0,1,0,1,1,0,0,81.77,1
926,Isha Thomas,Sophia Thomas,77.38923471916597,15,95.97739753169364,7.0,0,1,1,0,0,0,80.95,1
927,Aditi Young,Ella Young,,34,75.19070686224693,5.0,0,1,1,0,1,0,67.0,1
928,Isha Garcia,Jacob Garcia,77.774771205293,29,71.56495110504417,7.0,1,1,1,2,1,0,69.02,1
929,Emily Ramirez,Diya Ramirez,59.4907651486078,9,85.5586513090123,7.0,1,2,1,1,0,0,62.17,1
930,Riaan Anderson,Lucas Anderson,79.10916150462948,37,82.75993713919266,6.0,0,2,1,0,0,0,74.28,1
931,Noah Anderson,Amelia Anderson,60.22202869747734,17,51.58960050450597,6.0,0,2,1,1,1,0,45.34,0
932,Elijah Moore,Logan Moore,75.98521314472421,4,68.27849647444727,5.0,0,2,1,1,1,1,43.34,0
933,Avery Ramirez,Aditya Ramirez,53.7021108956174,28,68.35092656917512,9.0,0,1,1,2,0,0,54.14,0
934,Camila Johnson,Aditi Johnson,80.27413346072024,38,62.69347091460069,10.0,1,2,1,0,1,0,71.6,1
935,Alexander Davis,Harper Davis,75.83949695640791,33,71.03760892913519,6.0,1,2,1,0,1,0,66.57,1
936,Ella Harris,Mia Harris,87.00806843807315,22,64.78644386362865,10.0,0,2,1,1,1,1,73.11,1
937,Mia Lewis,Jackson Lewis,81.53502355793925,4,51.96072936827099,6.0,0,2,1,1,1,0,52.01,0
938,Diya Martinez,Lucas Martinez,77.48031342653783,29,64.74198923648086,6.0,0,0,1,2,0,0,71.99,1
939,Ethan Gupta,Mia Gupta,84.48894246240606,5,44.3366168543906,7.0,1,1,1,2,0,1,58.7,0
940,Elizabeth Martin,Harper Martin,57.19709567861155,3,74.5471517664647,5.0,0,1,1,2,0,0,31.5,0
941,Amelia Allen,Alexander Allen,79.7679830629302,28,91.21927293646672,7.0,0,2,1,2,0,0,89.14,1
942,Aditya White,Oliver White,58.605530141138885,22,83.51722506127331,8.0,0,0,1,2,1,0,58.02,0
943,Riaan Taylor,Abigail Taylor,96.27611039259403,5,61.62364240324668,7.0,1,1,1,2,1,0,69.25,1
944,Evelyn Ramirez,Camila Ramirez,53.41670524228021,31,45.22427233463849,10.0,0,1,1,1,0,0,53.83,0
945,Camila Young,Jackson Young,71.51873748453966,17,52.12896395351625,10.0,1,2,1,2,0,0,52.47,0
946,Michael Young,Alexander Young,84.78987388277224,14,72.72942042969015,8.0,0,2,1,1,0,0,72.85,1
947,Liam Lopez,Logan Lopez,,39,52.42342500298197,4.0,0,1,1,1,0,0,59.64,0
948,Michael Young,Liam Young,54.60476266164512,31,,4.0,0,1,0,0,0,0,56.35,0
949,Noah Wright,Riya Wright,77.66895080633537,8,53.89594148583394,8.0,1,0,1,1,0,0,61.54,1
950,Sebastian Martinez,Emma Martinez,82.08159544136772,36,,8.0,0,1,1,1,0,0,97.43,1
951,Emma Green,Ava Green,85.18961554952539,9,63.83628837042758,7.0,0,1,0,2,0,0,69.03,1
952,Charlotte Scott,Riaan Scott,68.66299072313794,19,54.733037556669466,8.0,1,2,0,1,0,0,64.67,1
953,Lucas Lopez,Mila Lopez,78.18299855143812,5,88.7395708148237,5.0,1,1,1,2,1,0,48.76,0
954,Mila Walker,Sebastian Walker,72.53432374694566,2,60.570337888327046,4.0,1,2,1,2,0,0,37.56,0
955,Logan Garcia,Ella Garcia,83.60280193761267,10,46.68926127032692,4.0,0,1,1,2,0,0,50.67,0
956,Daniel Sanchez,Noah Sanchez,79.17784836624092,16,74.2245694842185,9.0,1,1,1,0,0,0,59.62,0
957,Mason Nguyen,Sofia Nguyen,76.28781097795675,31,74.89385226627932,8.0,0,1,1,2,0,0,82.52,1
958,Riaan Hernandez,Mason Hernandez,62.47621834191243,3,82.88174051414404,6.0,1,0,1,1,1,0,51.15,0
959,Oliver Smith,Riya Smith,50.1009258874117,3,54.41316599250314,6.0,1,2,1,2,0,0,39.05,0
960,Avery Williams,Aria Williams,58.70408376557146,16,66.62628034553471,8.0,1,0,1,2,1,0,58.18,0
961,Henry Green,Elijah Green,55.85330207120843,18,56.942075142559375,5.0,0,1,1,2,0,0,43.94,0
962,Camila Hernandez,Olivia Hernandez,72.45423725054734,4,44.857224166941286,6.0,0,0,1,0,0,0,46.05,0
963,Sofia Lee,Arjun Lee,80.61290753809223,31,92.5968296209535,9.0,0,2,0,1,0,1,73.55,1
964,Amelia Smith,James Smith,60.65425043424041,21,83.73218826930048,10.0,0,1,1,0,1,0,55.55,0
965,Sofia Brown,Sophia Brown,,5,58.08778356752804,8.0,0,0,0,1,0,0,75.59,1
966,Ananya Lee,Ava Lee,50.33410646119439,34,75.96237957231918,5.0,0,0,1,0,1,1,34.53,0
967,Alexander Smith,Evelyn Smith,88.61505075826715,21,52.075827288068346,5.0,0,2,1,1,0,0,52.79,0
968,Ella Allen,Alexander Allen,81.26023847652212,0,93.41419730774626,7.0,0,0,1,0,0,0,69.77,1
969,Olivia Sharma,Camila Sharma,68.6777400523841,19,46.894380601714616,5.0,0,2,1,2,1,0,34.52,0
970,Jackson Martinez,Daniel Martinez,52.524447220620395,21,40.230228730468056,6.0,1,1,1,0,1,0,35.68,0
971,Daniel Green,Avery Green,81.37432858921397,10,70.12049186435092,10.0,1,1,1,0,0,0,61.61,1
972,Mason Clark,Lucas Clark,69.28067564328241,12,74.98766940717215,6.0,0,0,1,2,0,0,54.95,0
973,Arjun Davis,Ava Davis,96.81335697066095,2,74.73791921774827,8.0,0,1,0,2,0,0,74.49,1
974,Emma Hernandez,William Hernandez,77.09950374448829,8,43.27071564626958,10.0,0,1,1,1,0,0,52.75,0
975,Benjamin Davis,Mia Davis,96.98257556467541,11,58.84262841510595,8.0,0,0,1,1,1,0,74.81,1
976,Emily Davis,Aditi Davis,61.024184673665204,22,69.9519368104799,5.0,1,1,1,1,0,1,47.19,0
977,James Sanchez,Jackson Sanchez,86.28629551820516,13,52.99475113763445,9.0,1,0,1,0,0,0,69.29,1
978,Camila Sharma,Charlotte Sharma,80.86245104243628,32,92.35755312915379,4.0,0,2,1,1,1,0,65.88,1
979,Olivia Taylor,Sebastian Taylor,86.97041149156559,17,45.22655736768604,10.0,1,2,1,0,1,0,55.78,0
980,Ava Hill,Amelia Hill,60.73339319862684,8,69.24306650032257,7.0,1,2,1,0,0,0,58.79,0
981,James Sharma,Noah Sharma,83.24972581188868,22,81.48496345078912,4.0,0,0,1,1,1,0,58.79,0
982,Amelia White,James White,74.90201965284345,9,55.70506600806895,5.0,0,0,1,1,0,0,46.62,0
983,Aria Allen,Liam Allen,,18,77.4544442198511,5.0,0,1,1,0,0,0,62.34,1
984,Avery Martinez,Diya Martinez,66.35223220759089,4,89.76310900854247,4.0,0,1,1,2,1,0,33.97,0
985,Avery Flores,Benjamin Flores,,22,51.42021850570285,7.0,1,1,1,2,0,0,79.38,1
986,Alexander Lopez,Emma Lopez,54.21506573056752,29,95.03323550949176,10.0,0,1,1,0,0,0,63.54,1
987,Noah Flores,Isha Flores,90.3594659395594,24,73.21351195974148,10.0,1,1,1,1,0,1,81.4,1
988,Amelia Hernandez,Emma Hernandez,93.06598129075454,27,57.95392025806363,4.0,0,0,1,0,1,1,56.58,0
989,Liam Miller,Abigail Miller,90.86261556834106,33,65.85149652293624,8.0,1,0,1,0,0,0,82.23,1
990,Avery Taylor,Aria Taylor,75.6363197130888,24,58.731513027183276,6.0,0,2,1,1,0,0,63.26,1
991,Logan Harris,Jackson Harris,71.91924900153806,9,83.50666959599897,9.0,0,2,0,2,0,0,64.17,1
992,Aarav Walker,Henry Walker,99.81311432624383,13,87.77803980490793,8.0,1,2,0,0,0,0,89.15,1
993,Noah Allen,Mila Allen,61.45859756070811,29,89.97624353911966,,1,2,1,2,0,1,75.9,1
994,Olivia Lewis,Alexander Lewis,77.34379829380222,24,99.14609497514448,6.0,1,0,1,2,1,0,79.74,1
995,Oliver Martinez,Aarav Martinez,83.53377626911629,13,87.477057549801,9.0,0,0,1,1,0,0,70.57,1
996,Sebastian Taylor,Ava Taylor,85.0433817930716,34,76.0830442413138,9.0,1,0,1,0,0,1,79.6,1
997,Evelyn Hill,Avery Hill,60.20123328692893,33,60.35321790350703,9.0,1,1,0,0,0,0,64.2,1
998,Michael Lee,Jacob Lee,82.69970461699006,9,72.67572692264497,5.0,1,1,1,2,0,0,53.56,0
999,Emily Wright,Aria Wright,90.91847832406687,34,42.464090367424326,9.0,1,2,1,2,1,0,64.07,1
1000,Elizabeth Hill,Avery Hill,52.50092884105561,10,84.68950453179478,,1,1,1,1,0,0,63.46,1
1001,Mason Flores,Aditya Flores,95.57606466626582,10,66.75733270552611,4.0,1,0,1,2,0,0,62.23,1
